-- MySQL dump 10.13  Distrib 8.0.20, for Win64 (x86_64)
--
-- Host: 127.0.0.1    Database: project
-- ------------------------------------------------------
-- Server version	5.7.29-0ubuntu0.18.04.1

/*!40101 SET @OLD_CHARACTER_SET_CLIENT=@@CHARACTER_SET_CLIENT */;
/*!40101 SET @OLD_CHARACTER_SET_RESULTS=@@CHARACTER_SET_RESULTS */;
/*!40101 SET @OLD_COLLATION_CONNECTION=@@COLLATION_CONNECTION */;
/*!50503 SET NAMES utf8 */;
/*!40103 SET @OLD_TIME_ZONE=@@TIME_ZONE */;
/*!40103 SET TIME_ZONE='+00:00' */;
/*!40014 SET @OLD_UNIQUE_CHECKS=@@UNIQUE_CHECKS, UNIQUE_CHECKS=0 */;
/*!40014 SET @OLD_FOREIGN_KEY_CHECKS=@@FOREIGN_KEY_CHECKS, FOREIGN_KEY_CHECKS=0 */;
/*!40101 SET @OLD_SQL_MODE=@@SQL_MODE, SQL_MODE='NO_AUTO_VALUE_ON_ZERO' */;
/*!40111 SET @OLD_SQL_NOTES=@@SQL_NOTES, SQL_NOTES=0 */;

--
-- Table structure for table `admin_menu`
--

DROP TABLE IF EXISTS `admin_menu`;
/*!40101 SET @saved_cs_client     = @@character_set_client */;
/*!50503 SET character_set_client = utf8mb4 */;
CREATE TABLE `admin_menu` (
  `id` int(10) unsigned NOT NULL AUTO_INCREMENT,
  `parent_id` int(11) NOT NULL DEFAULT '0',
  `order` int(11) NOT NULL DEFAULT '0',
  `title` varchar(50) COLLATE utf8mb4_unicode_ci NOT NULL,
  `icon` varchar(50) COLLATE utf8mb4_unicode_ci NOT NULL,
  `uri` varchar(50) COLLATE utf8mb4_unicode_ci DEFAULT NULL,
  `permission` varchar(255) COLLATE utf8mb4_unicode_ci DEFAULT NULL,
  `created_at` timestamp NULL DEFAULT NULL,
  `updated_at` timestamp NULL DEFAULT NULL,
  PRIMARY KEY (`id`)
) ENGINE=InnoDB AUTO_INCREMENT=12 DEFAULT CHARSET=utf8mb4 COLLATE=utf8mb4_unicode_ci;
/*!40101 SET character_set_client = @saved_cs_client */;

--
-- Dumping data for table `admin_menu`
--

LOCK TABLES `admin_menu` WRITE;
/*!40000 ALTER TABLE `admin_menu` DISABLE KEYS */;
INSERT INTO `admin_menu` VALUES (1,0,1,'Home','fa-bar-chart','/',NULL,NULL,'2020-05-02 03:42:20'),(2,0,6,'Admin','fa-tasks','',NULL,NULL,'2020-05-07 03:43:00'),(3,2,7,'Administrator','fa-users','auth/users',NULL,NULL,'2020-05-07 03:43:00'),(4,2,8,'Roles','fa-user','auth/roles',NULL,NULL,'2020-05-07 03:43:00'),(5,2,9,'Permission','fa-ban','auth/permissions',NULL,NULL,'2020-05-07 03:43:00'),(6,2,10,'Menu','fa-bars','auth/menu',NULL,NULL,'2020-05-07 03:43:00'),(7,2,11,'Operation log','fa-history','auth/logs',NULL,NULL,'2020-05-07 03:43:00'),(8,0,2,'User  Administration','fa-users','/users',NULL,'2020-05-02 03:40:15','2020-05-02 03:43:21'),(9,0,3,'Insurance Management','fa-cubes','/insurance',NULL,'2020-05-03 21:31:07','2020-05-03 21:31:33'),(10,0,4,'Home Order Management','fa-dollar','/home_orders',NULL,'2020-05-06 23:42:42','2020-05-06 23:42:51'),(11,0,5,'Auto Order Management','fa-dollar','/auto_orders',NULL,'2020-05-07 03:42:47','2020-05-07 03:43:00');
/*!40000 ALTER TABLE `admin_menu` ENABLE KEYS */;
UNLOCK TABLES;

--
-- Table structure for table `admin_operation_log`
--

DROP TABLE IF EXISTS `admin_operation_log`;
/*!40101 SET @saved_cs_client     = @@character_set_client */;
/*!50503 SET character_set_client = utf8mb4 */;
CREATE TABLE `admin_operation_log` (
  `id` int(10) unsigned NOT NULL AUTO_INCREMENT,
  `user_id` int(11) NOT NULL,
  `path` varchar(255) COLLATE utf8mb4_unicode_ci NOT NULL,
  `method` varchar(10) COLLATE utf8mb4_unicode_ci NOT NULL,
  `ip` varchar(255) COLLATE utf8mb4_unicode_ci NOT NULL,
  `input` text COLLATE utf8mb4_unicode_ci NOT NULL,
  `created_at` timestamp NULL DEFAULT NULL,
  `updated_at` timestamp NULL DEFAULT NULL,
  PRIMARY KEY (`id`),
  KEY `admin_operation_log_user_id_index` (`user_id`)
) ENGINE=InnoDB AUTO_INCREMENT=700 DEFAULT CHARSET=utf8mb4 COLLATE=utf8mb4_unicode_ci;
/*!40101 SET character_set_client = @saved_cs_client */;

--
-- Dumping data for table `admin_operation_log`
--

LOCK TABLES `admin_operation_log` WRITE;
/*!40000 ALTER TABLE `admin_operation_log` DISABLE KEYS */;
INSERT INTO `admin_operation_log` VALUES (1,1,'admin','GET','192.168.10.1','[]','2020-05-02 03:13:54','2020-05-02 03:13:54'),(2,1,'admin','GET','192.168.10.1','[]','2020-05-02 03:21:36','2020-05-02 03:21:36'),(3,1,'admin/auth/menu','GET','192.168.10.1','{\"_pjax\":\"#pjax-container\"}','2020-05-02 03:28:46','2020-05-02 03:28:46'),(4,1,'admin','GET','192.168.10.1','[]','2020-05-02 03:28:54','2020-05-02 03:28:54'),(5,1,'admin/auth/menu','GET','192.168.10.1','{\"_pjax\":\"#pjax-container\"}','2020-05-02 03:29:02','2020-05-02 03:29:02'),(6,1,'admin/auth/menu','POST','192.168.10.1','{\"parent_id\":\"0\",\"title\":\"User  Administration\",\"icon\":\"fa-users\",\"uri\":\"\\/users\",\"roles\":[null],\"permission\":null,\"_token\":\"CHlWAtgezPHRYkOPyjpO7tQ6nBYMlkOdPMvROs77\"}','2020-05-02 03:40:15','2020-05-02 03:40:15'),(7,1,'admin/auth/menu','GET','192.168.10.1','[]','2020-05-02 03:40:17','2020-05-02 03:40:17'),(8,1,'admin/auth/menu/1/edit','GET','192.168.10.1','{\"_pjax\":\"#pjax-container\"}','2020-05-02 03:42:06','2020-05-02 03:42:06'),(9,1,'admin/auth/menu/1','PUT','192.168.10.1','{\"parent_id\":\"0\",\"title\":\"Home\",\"icon\":\"fa-bar-chart\",\"uri\":\"\\/\",\"roles\":[null],\"permission\":null,\"_token\":\"CHlWAtgezPHRYkOPyjpO7tQ6nBYMlkOdPMvROs77\",\"_method\":\"PUT\",\"_previous_\":\"http:\\/\\/homestead.test\\/admin\\/auth\\/menu\"}','2020-05-02 03:42:19','2020-05-02 03:42:19'),(10,1,'admin/auth/menu','GET','192.168.10.1','[]','2020-05-02 03:42:21','2020-05-02 03:42:21'),(11,1,'admin/auth/menu','GET','192.168.10.1','[]','2020-05-02 03:43:10','2020-05-02 03:43:10'),(12,1,'admin/auth/menu','POST','192.168.10.1','{\"_token\":\"CHlWAtgezPHRYkOPyjpO7tQ6nBYMlkOdPMvROs77\",\"_order\":\"[{\\\"id\\\":1},{\\\"id\\\":8},{\\\"id\\\":2,\\\"children\\\":[{\\\"id\\\":3},{\\\"id\\\":4},{\\\"id\\\":5},{\\\"id\\\":6},{\\\"id\\\":7}]}]\"}','2020-05-02 03:43:20','2020-05-02 03:43:20'),(13,1,'admin/auth/menu','GET','192.168.10.1','{\"_pjax\":\"#pjax-container\"}','2020-05-02 03:43:21','2020-05-02 03:43:21'),(14,1,'admin/auth/menu','GET','192.168.10.1','[]','2020-05-02 03:43:24','2020-05-02 03:43:24'),(15,1,'admin/users','GET','192.168.10.1','{\"_pjax\":\"#pjax-container\"}','2020-05-02 03:43:29','2020-05-02 03:43:29'),(16,1,'admin/users','GET','192.168.10.1','[]','2020-05-02 03:47:54','2020-05-02 03:47:54'),(17,1,'admin/users','GET','192.168.10.1','[]','2020-05-02 03:49:19','2020-05-02 03:49:19'),(18,1,'admin/users','GET','192.168.10.1','[]','2020-05-02 03:49:57','2020-05-02 03:49:57'),(19,1,'admin','GET','192.168.10.1','{\"_pjax\":\"#pjax-container\"}','2020-05-02 03:50:39','2020-05-02 03:50:39'),(20,1,'admin/auth/permissions','GET','192.168.10.1','{\"_pjax\":\"#pjax-container\"}','2020-05-02 03:50:43','2020-05-02 03:50:43'),(21,1,'admin/auth/permissions/create','GET','192.168.10.1','{\"_pjax\":\"#pjax-container\"}','2020-05-02 03:50:51','2020-05-02 03:50:51'),(22,1,'admin/auth/permissions','POST','192.168.10.1','{\"slug\":\"users\",\"name\":\"User Administration\",\"http_method\":[null],\"http_path\":\"\\/users*\",\"_token\":\"CHlWAtgezPHRYkOPyjpO7tQ6nBYMlkOdPMvROs77\",\"_previous_\":\"http:\\/\\/homestead.test\\/admin\\/auth\\/permissions\"}','2020-05-02 03:51:46','2020-05-02 03:51:46'),(23,1,'admin/auth/permissions','GET','192.168.10.1','[]','2020-05-02 03:51:48','2020-05-02 03:51:48'),(24,1,'admin/auth/roles','GET','192.168.10.1','{\"_pjax\":\"#pjax-container\"}','2020-05-02 03:51:54','2020-05-02 03:51:54'),(25,1,'admin/auth/roles/create','GET','192.168.10.1','{\"_pjax\":\"#pjax-container\"}','2020-05-02 03:52:05','2020-05-02 03:52:05'),(26,1,'admin/auth/roles','POST','192.168.10.1','{\"slug\":\"operation\",\"name\":\"Operation\",\"permissions\":[\"2\",\"3\",\"4\",\"6\",null],\"_token\":\"CHlWAtgezPHRYkOPyjpO7tQ6nBYMlkOdPMvROs77\",\"_previous_\":\"http:\\/\\/homestead.test\\/admin\\/auth\\/roles\"}','2020-05-02 03:53:15','2020-05-02 03:53:15'),(27,1,'admin/auth/roles','GET','192.168.10.1','[]','2020-05-02 03:53:17','2020-05-02 03:53:17'),(28,1,'admin/auth/users','GET','192.168.10.1','{\"_pjax\":\"#pjax-container\"}','2020-05-02 03:53:25','2020-05-02 03:53:25'),(29,1,'admin/auth/users','GET','192.168.10.1','{\"_pjax\":\"#pjax-container\"}','2020-05-02 03:53:28','2020-05-02 03:53:28'),(30,1,'admin/auth/menu','GET','192.168.10.1','{\"_pjax\":\"#pjax-container\"}','2020-05-02 03:54:18','2020-05-02 03:54:18'),(31,1,'admin/auth/menu/3/edit','GET','192.168.10.1','{\"_pjax\":\"#pjax-container\"}','2020-05-02 03:54:22','2020-05-02 03:54:22'),(32,1,'admin/auth/menu/3','PUT','192.168.10.1','{\"parent_id\":\"2\",\"title\":\"Administrator\",\"icon\":\"fa-users\",\"uri\":\"auth\\/users\",\"roles\":[null],\"permission\":null,\"_token\":\"CHlWAtgezPHRYkOPyjpO7tQ6nBYMlkOdPMvROs77\",\"_method\":\"PUT\",\"_previous_\":\"http:\\/\\/homestead.test\\/admin\\/auth\\/menu\"}','2020-05-02 04:00:42','2020-05-02 04:00:42'),(33,1,'admin/auth/menu','GET','192.168.10.1','[]','2020-05-02 04:00:43','2020-05-02 04:00:43'),(34,1,'admin/auth/menu','POST','192.168.10.1','{\"_token\":\"CHlWAtgezPHRYkOPyjpO7tQ6nBYMlkOdPMvROs77\",\"_order\":\"[{\\\"id\\\":1},{\\\"id\\\":8},{\\\"id\\\":2,\\\"children\\\":[{\\\"id\\\":3},{\\\"id\\\":4},{\\\"id\\\":5},{\\\"id\\\":6},{\\\"id\\\":7}]}]\"}','2020-05-02 04:00:53','2020-05-02 04:00:53'),(35,1,'admin/auth/menu','GET','192.168.10.1','{\"_pjax\":\"#pjax-container\"}','2020-05-02 04:00:54','2020-05-02 04:00:54'),(36,1,'admin/auth/menu','GET','192.168.10.1','[]','2020-05-02 04:00:57','2020-05-02 04:00:57'),(37,1,'admin/auth/users','GET','192.168.10.1','{\"_pjax\":\"#pjax-container\"}','2020-05-02 04:01:02','2020-05-02 04:01:02'),(38,1,'admin/auth/roles','GET','192.168.10.1','{\"_pjax\":\"#pjax-container\"}','2020-05-02 04:01:26','2020-05-02 04:01:26'),(39,1,'admin/auth/users','GET','192.168.10.1','{\"_pjax\":\"#pjax-container\"}','2020-05-02 04:01:30','2020-05-02 04:01:30'),(40,1,'admin/auth/users/create','GET','192.168.10.1','{\"_pjax\":\"#pjax-container\"}','2020-05-02 04:02:50','2020-05-02 04:02:50'),(41,1,'admin/auth/users/create','GET','192.168.10.1','[]','2020-05-02 04:03:16','2020-05-02 04:03:16'),(42,1,'admin/auth/users','GET','192.168.10.1','{\"_pjax\":\"#pjax-container\"}','2020-05-02 04:03:29','2020-05-02 04:03:29'),(43,1,'admin','GET','192.168.10.1','{\"_pjax\":\"#pjax-container\"}','2020-05-02 04:04:44','2020-05-02 04:04:44'),(44,1,'admin/auth/users','GET','192.168.10.1','{\"_pjax\":\"#pjax-container\"}','2020-05-02 04:04:47','2020-05-02 04:04:47'),(45,1,'admin/auth/roles','GET','192.168.10.1','{\"_pjax\":\"#pjax-container\"}','2020-05-02 04:04:50','2020-05-02 04:04:50'),(46,1,'admin/auth/users','GET','192.168.10.1','{\"_pjax\":\"#pjax-container\"}','2020-05-02 04:04:53','2020-05-02 04:04:53'),(47,1,'admin/auth/users/create','GET','192.168.10.1','{\"_pjax\":\"#pjax-container\"}','2020-05-02 04:04:56','2020-05-02 04:04:56'),(48,1,'admin','GET','192.168.10.1','{\"_pjax\":\"#pjax-container\"}','2020-05-02 04:06:19','2020-05-02 04:06:19'),(49,1,'admin/auth/permissions','GET','192.168.10.1','{\"_pjax\":\"#pjax-container\"}','2020-05-02 04:06:24','2020-05-02 04:06:24'),(50,1,'admin/auth/users','GET','192.168.10.1','{\"_pjax\":\"#pjax-container\"}','2020-05-02 04:06:27','2020-05-02 04:06:27'),(51,1,'admin/auth/users/create','GET','192.168.10.1','{\"_pjax\":\"#pjax-container\"}','2020-05-02 04:06:29','2020-05-02 04:06:29'),(52,1,'admin/auth/roles','GET','192.168.10.1','{\"_pjax\":\"#pjax-container\"}','2020-05-02 04:07:50','2020-05-02 04:07:50'),(53,1,'admin/auth/users','GET','192.168.10.1','{\"_pjax\":\"#pjax-container\"}','2020-05-02 04:07:56','2020-05-02 04:07:56'),(54,1,'admin/auth/users','GET','192.168.10.1','{\"_pjax\":\"#pjax-container\"}','2020-05-02 04:07:59','2020-05-02 04:07:59'),(55,1,'admin/auth/users/create','GET','192.168.10.1','{\"_pjax\":\"#pjax-container\"}','2020-05-02 04:08:02','2020-05-02 04:08:02'),(56,1,'admin/auth/users','POST','192.168.10.1','{\"username\":\"operator\",\"name\":\"Operator\",\"password\":\"operator\",\"password_confirmation\":\"operator\",\"roles\":[\"2\",null],\"permissions\":[null],\"_token\":\"CHlWAtgezPHRYkOPyjpO7tQ6nBYMlkOdPMvROs77\",\"_previous_\":\"http:\\/\\/homestead.test\\/admin\\/auth\\/users\"}','2020-05-02 04:18:02','2020-05-02 04:18:02'),(57,1,'admin/auth/users','GET','192.168.10.1','[]','2020-05-02 04:18:04','2020-05-02 04:18:04'),(58,1,'admin/auth/users','GET','192.168.10.1','[]','2020-05-02 04:18:56','2020-05-02 04:18:56'),(59,1,'admin','GET','192.168.10.1','{\"_pjax\":\"#pjax-container\"}','2020-05-02 04:19:03','2020-05-02 04:19:03'),(60,1,'admin/auth/users','GET','192.168.10.1','{\"_pjax\":\"#pjax-container\"}','2020-05-02 04:19:25','2020-05-02 04:19:25'),(61,1,'admin/auth/roles','GET','192.168.10.1','{\"_pjax\":\"#pjax-container\"}','2020-05-02 04:20:00','2020-05-02 04:20:00'),(62,1,'admin/auth/roles/2/edit','GET','192.168.10.1','{\"_pjax\":\"#pjax-container\"}','2020-05-02 04:20:10','2020-05-02 04:20:10'),(63,1,'admin/auth/roles/2','GET','192.168.10.1','{\"_pjax\":\"#pjax-container\"}','2020-05-02 04:20:20','2020-05-02 04:20:20'),(64,1,'admin/users','GET','192.168.10.1','{\"_pjax\":\"#pjax-container\"}','2020-05-02 04:20:25','2020-05-02 04:20:25'),(65,1,'admin/auth/logout','GET','192.168.10.1','{\"_pjax\":\"#pjax-container\"}','2020-05-02 04:20:34','2020-05-02 04:20:34'),(66,2,'admin','GET','192.168.10.1','[]','2020-05-02 04:20:48','2020-05-02 04:20:48'),(67,2,'admin','GET','192.168.10.1','{\"_pjax\":\"#pjax-container\"}','2020-05-02 04:22:01','2020-05-02 04:22:01'),(68,2,'admin/users','GET','192.168.10.1','{\"_pjax\":\"#pjax-container\"}','2020-05-02 04:22:03','2020-05-02 04:22:03'),(69,2,'admin/auth/setting','GET','192.168.10.1','{\"_pjax\":\"#pjax-container\"}','2020-05-02 04:22:43','2020-05-02 04:22:43'),(70,2,'admin/auth/setting','PUT','192.168.10.1','{\"name\":\"Operator\",\"password\":\"$2y$10$NGvDkDC9izr5d\\/A8LHzyYuxeb\\/Xz1rKQemv7.tVs6yHPREnvSi206\",\"password_confirmation\":\"$2y$10$NGvDkDC9izr5d\\/A8LHzyYuxeb\\/Xz1rKQemv7.tVs6yHPREnvSi206\",\"_token\":\"O01yAFbeiZHzdXvTGnJ9oyFPOIMVNB48J7dVatEZ\",\"_method\":\"PUT\",\"_previous_\":\"http:\\/\\/homestead.test\\/admin\\/users\"}','2020-05-02 04:24:57','2020-05-02 04:24:57'),(71,2,'admin/auth/setting','GET','192.168.10.1','[]','2020-05-02 04:25:00','2020-05-02 04:25:00'),(72,2,'admin/auth/setting','PUT','192.168.10.1','{\"name\":\"Operator\",\"password\":\"$2y$10$NGvDkDC9izr5d\\/A8LHzyYuxeb\\/Xz1rKQemv7.tVs6yHPREnvSi206\",\"password_confirmation\":\"$2y$10$NGvDkDC9izr5d\\/A8LHzyYuxeb\\/Xz1rKQemv7.tVs6yHPREnvSi206\",\"_token\":\"O01yAFbeiZHzdXvTGnJ9oyFPOIMVNB48J7dVatEZ\",\"_method\":\"PUT\"}','2020-05-02 04:25:09','2020-05-02 04:25:09'),(73,2,'admin/auth/setting','GET','192.168.10.1','[]','2020-05-02 04:25:10','2020-05-02 04:25:10'),(74,1,'admin','GET','192.168.10.1','[]','2020-05-02 04:53:56','2020-05-02 04:53:56'),(75,1,'admin/auth/users','GET','192.168.10.1','{\"_pjax\":\"#pjax-container\"}','2020-05-02 04:54:18','2020-05-02 04:54:18'),(76,1,'admin/auth/logout','GET','192.168.10.1','{\"_pjax\":\"#pjax-container\"}','2020-05-02 04:54:48','2020-05-02 04:54:48'),(77,2,'admin','GET','192.168.10.1','[]','2020-05-02 04:55:57','2020-05-02 04:55:57'),(78,2,'admin','GET','192.168.10.1','{\"_pjax\":\"#pjax-container\"}','2020-05-02 04:56:13','2020-05-02 04:56:13'),(79,2,'admin','GET','192.168.10.1','[]','2020-05-02 04:58:18','2020-05-02 04:58:18'),(80,2,'admin','GET','192.168.10.1','[]','2020-05-02 04:58:32','2020-05-02 04:58:32'),(81,2,'admin','GET','192.168.10.1','{\"_pjax\":\"#pjax-container\"}','2020-05-02 05:02:46','2020-05-02 05:02:46'),(82,2,'admin/auth/setting','GET','192.168.10.1','{\"_pjax\":\"#pjax-container\"}','2020-05-02 05:02:51','2020-05-02 05:02:51'),(83,2,'admin/auth/setting','PUT','192.168.10.1','{\"name\":\"Operator\",\"password\":\"$2y$10$NGvDkDC9izr5d\\/A8LHzyYuxeb\\/Xz1rKQemv7.tVs6yHPREnvSi206\",\"password_confirmation\":\"$2y$10$NGvDkDC9izr5d\\/A8LHzyYuxeb\\/Xz1rKQemv7.tVs6yHPREnvSi206\",\"_token\":\"mzLOE3wXjubvK5o1Oj0ItBy90rxVzaERW9J21tMT\",\"_method\":\"PUT\",\"_previous_\":\"http:\\/\\/insurance.test\\/admin\"}','2020-05-02 05:03:02','2020-05-02 05:03:02'),(84,2,'admin/auth/setting','GET','192.168.10.1','[]','2020-05-02 05:03:03','2020-05-02 05:03:03'),(85,2,'admin/auth/setting','GET','192.168.10.1','[]','2020-05-02 05:06:36','2020-05-02 05:06:36'),(86,2,'admin/auth/setting','PUT','192.168.10.1','{\"name\":\"Operator\",\"password\":\"$2y$10$NGvDkDC9izr5d\\/A8LHzyYuxeb\\/Xz1rKQemv7.tVs6yHPREnvSi206\",\"password_confirmation\":\"$2y$10$NGvDkDC9izr5d\\/A8LHzyYuxeb\\/Xz1rKQemv7.tVs6yHPREnvSi206\",\"_token\":\"mzLOE3wXjubvK5o1Oj0ItBy90rxVzaERW9J21tMT\",\"_method\":\"PUT\",\"_previous_\":\"http:\\/\\/insurance.test\\/admin\"}','2020-05-02 05:06:46','2020-05-02 05:06:46'),(87,2,'admin/auth/setting','GET','192.168.10.1','[]','2020-05-02 05:06:47','2020-05-02 05:06:47'),(88,2,'admin/auth/setting','PUT','192.168.10.1','{\"name\":\"Operator\",\"password\":\"$2y$10$NGvDkDC9izr5d\\/A8LHzyYuxeb\\/Xz1rKQemv7.tVs6yHPREnvSi206\",\"password_confirmation\":\"$2y$10$NGvDkDC9izr5d\\/A8LHzyYuxeb\\/Xz1rKQemv7.tVs6yHPREnvSi206\",\"_token\":\"mzLOE3wXjubvK5o1Oj0ItBy90rxVzaERW9J21tMT\",\"_method\":\"PUT\"}','2020-05-02 05:15:18','2020-05-02 05:15:18'),(89,2,'admin/auth/setting','GET','192.168.10.1','[]','2020-05-02 05:15:19','2020-05-02 05:15:19'),(90,2,'admin/auth/setting','PUT','192.168.10.1','{\"name\":\"Operator\",\"password\":\"$2y$10$NGvDkDC9izr5d\\/A8LHzyYuxeb\\/Xz1rKQemv7.tVs6yHPREnvSi206\",\"password_confirmation\":\"$2y$10$NGvDkDC9izr5d\\/A8LHzyYuxeb\\/Xz1rKQemv7.tVs6yHPREnvSi206\",\"_token\":\"mzLOE3wXjubvK5o1Oj0ItBy90rxVzaERW9J21tMT\",\"_method\":\"PUT\"}','2020-05-02 05:19:43','2020-05-02 05:19:43'),(91,2,'admin/auth/setting','GET','192.168.10.1','[]','2020-05-02 05:19:44','2020-05-02 05:19:44'),(92,2,'admin','GET','192.168.10.1','[]','2020-05-02 05:19:53','2020-05-02 05:19:53'),(93,2,'admin','GET','192.168.10.1','[]','2020-05-02 05:20:15','2020-05-02 05:20:15'),(94,2,'admin','GET','192.168.10.1','[]','2020-05-02 05:33:23','2020-05-02 05:33:23'),(95,2,'admin','GET','192.168.10.1','[]','2020-05-02 05:39:34','2020-05-02 05:39:34'),(96,2,'admin/auth/logout','GET','192.168.10.1','{\"_pjax\":\"#pjax-container\"}','2020-05-02 05:39:48','2020-05-02 05:39:48'),(97,2,'admin','GET','192.168.10.1','[]','2020-05-02 05:40:08','2020-05-02 05:40:08'),(98,2,'admin/users','GET','192.168.10.1','{\"_pjax\":\"#pjax-container\"}','2020-05-02 05:40:16','2020-05-02 05:40:16'),(99,2,'admin/users','GET','192.168.10.1','{\"_pjax\":\"#pjax-container\"}','2020-05-02 05:40:53','2020-05-02 05:40:53'),(100,2,'admin','GET','192.168.10.1','{\"_pjax\":\"#pjax-container\"}','2020-05-02 05:40:56','2020-05-02 05:40:56'),(101,2,'admin/users','GET','192.168.10.1','{\"_pjax\":\"#pjax-container\"}','2020-05-02 05:41:03','2020-05-02 05:41:03'),(102,2,'admin','GET','192.168.10.1','{\"_pjax\":\"#pjax-container\"}','2020-05-02 05:41:05','2020-05-02 05:41:05'),(103,2,'admin/auth/logout','GET','192.168.10.1','{\"_pjax\":\"#pjax-container\"}','2020-05-02 05:41:15','2020-05-02 05:41:15'),(104,1,'admin','GET','192.168.10.1','[]','2020-05-02 05:41:23','2020-05-02 05:41:23'),(105,1,'admin','GET','192.168.10.1','{\"_pjax\":\"#pjax-container\"}','2020-05-02 05:41:28','2020-05-02 05:41:28'),(106,1,'admin/auth/roles','GET','192.168.10.1','{\"_pjax\":\"#pjax-container\"}','2020-05-02 05:41:32','2020-05-02 05:41:32'),(107,1,'admin/auth/permissions','GET','192.168.10.1','{\"_pjax\":\"#pjax-container\"}','2020-05-02 05:41:35','2020-05-02 05:41:35'),(108,1,'admin/auth/roles','GET','192.168.10.1','{\"_pjax\":\"#pjax-container\"}','2020-05-02 05:41:37','2020-05-02 05:41:37'),(109,1,'admin/auth/roles/2/edit','GET','192.168.10.1','{\"_pjax\":\"#pjax-container\"}','2020-05-02 05:41:43','2020-05-02 05:41:43'),(110,1,'admin/auth/roles/2','PUT','192.168.10.1','{\"slug\":\"operation\",\"name\":\"Operation\",\"permissions\":[\"3\",\"4\",\"6\",null],\"_token\":\"rsLvQ40jDHV0BFIf4OgGBGJeVjFaB15j9ZpoKVsC\",\"_method\":\"PUT\",\"_previous_\":\"http:\\/\\/insurance.test\\/admin\\/auth\\/roles\"}','2020-05-02 05:41:49','2020-05-02 05:41:49'),(111,1,'admin/auth/roles','GET','192.168.10.1','[]','2020-05-02 05:41:50','2020-05-02 05:41:50'),(112,2,'admin','GET','192.168.10.1','[]','2020-05-02 05:42:11','2020-05-02 05:42:11'),(113,2,'admin/users','GET','192.168.10.1','{\"_pjax\":\"#pjax-container\"}','2020-05-02 05:42:15','2020-05-02 05:42:15'),(114,2,'admin','GET','192.168.10.1','{\"_pjax\":\"#pjax-container\"}','2020-05-02 05:42:16','2020-05-02 05:42:16'),(115,2,'admin/users','GET','192.168.10.1','{\"_pjax\":\"#pjax-container\"}','2020-05-02 05:42:18','2020-05-02 05:42:18'),(116,1,'admin/auth/roles/2/edit','GET','192.168.10.1','{\"_pjax\":\"#pjax-container\"}','2020-05-02 05:42:29','2020-05-02 05:42:29'),(117,1,'admin/auth/roles/2','PUT','192.168.10.1','{\"slug\":\"operation\",\"name\":\"Operation\",\"permissions\":[\"2\",\"3\",\"4\",\"6\",null],\"_token\":\"rsLvQ40jDHV0BFIf4OgGBGJeVjFaB15j9ZpoKVsC\",\"_method\":\"PUT\",\"_previous_\":\"http:\\/\\/insurance.test\\/admin\\/auth\\/roles\"}','2020-05-02 05:42:36','2020-05-02 05:42:36'),(118,1,'admin/auth/roles','GET','192.168.10.1','[]','2020-05-02 05:42:37','2020-05-02 05:42:37'),(119,2,'admin/users','GET','192.168.10.1','[]','2020-05-02 05:42:41','2020-05-02 05:42:41'),(120,2,'admin','GET','192.168.10.1','[]','2020-05-02 05:42:46','2020-05-02 05:42:46'),(121,2,'admin/users','GET','192.168.10.1','{\"_pjax\":\"#pjax-container\"}','2020-05-02 05:42:55','2020-05-02 05:42:55'),(122,1,'admin/users','GET','192.168.10.1','{\"_pjax\":\"#pjax-container\"}','2020-05-02 05:43:29','2020-05-02 05:43:29'),(123,1,'admin/users','GET','192.168.10.1','{\"_pjax\":\"#pjax-container\"}','2020-05-02 05:45:08','2020-05-02 05:45:08'),(124,1,'admin/auth/roles','GET','192.168.10.1','{\"_pjax\":\"#pjax-container\"}','2020-05-02 05:45:14','2020-05-02 05:45:14'),(125,1,'admin/auth/menu','GET','192.168.10.1','{\"_pjax\":\"#pjax-container\"}','2020-05-02 05:45:16','2020-05-02 05:45:16'),(126,1,'admin/auth/menu/8/edit','GET','192.168.10.1','{\"_pjax\":\"#pjax-container\"}','2020-05-02 05:45:29','2020-05-02 05:45:29'),(127,1,'admin/auth/menu','GET','192.168.10.1','{\"_pjax\":\"#pjax-container\"}','2020-05-02 05:45:42','2020-05-02 05:45:42'),(128,1,'admin/users','GET','192.168.10.1','{\"_pjax\":\"#pjax-container\"}','2020-05-02 05:46:31','2020-05-02 05:46:31'),(129,1,'admin','GET','192.168.10.1','{\"_pjax\":\"#pjax-container\"}','2020-05-02 05:47:21','2020-05-02 05:47:21'),(130,2,'admin/users','GET','192.168.10.1','[]','2020-05-02 05:47:33','2020-05-02 05:47:33'),(131,1,'admin/users','GET','192.168.10.1','{\"_pjax\":\"#pjax-container\"}','2020-05-02 05:47:46','2020-05-02 05:47:46'),(132,1,'admin','GET','192.168.10.1','{\"_pjax\":\"#pjax-container\"}','2020-05-02 05:47:47','2020-05-02 05:47:47'),(133,1,'admin','GET','192.168.10.1','{\"_pjax\":\"#pjax-container\"}','2020-05-02 05:51:28','2020-05-02 05:51:28'),(134,1,'admin/users','GET','192.168.10.1','{\"_pjax\":\"#pjax-container\"}','2020-05-02 05:51:30','2020-05-02 05:51:30'),(135,2,'admin/users','GET','192.168.10.1','[]','2020-05-02 05:51:57','2020-05-02 05:51:57'),(136,2,'admin','GET','192.168.10.1','[]','2020-05-02 05:52:29','2020-05-02 05:52:29'),(137,2,'admin','GET','192.168.10.1','[]','2020-05-02 05:52:43','2020-05-02 05:52:43'),(138,1,'admin/auth/permissions','GET','192.168.10.1','{\"_pjax\":\"#pjax-container\"}','2020-05-02 05:52:51','2020-05-02 05:52:51'),(139,2,'admin','GET','192.168.10.1','{\"_pjax\":\"#pjax-container\"}','2020-05-02 05:54:49','2020-05-02 05:54:49'),(140,2,'admin','GET','192.168.10.1','{\"_pjax\":\"#pjax-container\"}','2020-05-02 05:55:00','2020-05-02 05:55:00'),(141,2,'admin','GET','192.168.10.1','[]','2020-05-02 05:56:44','2020-05-02 05:56:44'),(142,2,'admin','GET','192.168.10.1','{\"_pjax\":\"#pjax-container\"}','2020-05-02 05:56:51','2020-05-02 05:56:51'),(143,2,'admin/users','GET','192.168.10.1','{\"_pjax\":\"#pjax-container\"}','2020-05-02 05:57:12','2020-05-02 05:57:12'),(144,2,'admin','GET','192.168.10.1','{\"_pjax\":\"#pjax-container\"}','2020-05-02 05:57:15','2020-05-02 05:57:15'),(145,2,'admin','GET','192.168.10.1','{\"_pjax\":\"#pjax-container\"}','2020-05-02 05:59:43','2020-05-02 05:59:43'),(146,2,'admin','GET','192.168.10.1','[]','2020-05-02 06:02:19','2020-05-02 06:02:19'),(147,2,'admin','GET','192.168.10.1','[]','2020-05-02 06:02:47','2020-05-02 06:02:47'),(148,2,'admin','GET','192.168.10.1','{\"_pjax\":\"#pjax-container\"}','2020-05-02 06:02:59','2020-05-02 06:02:59'),(149,2,'admin','GET','192.168.10.1','[]','2020-05-02 06:03:22','2020-05-02 06:03:22'),(150,2,'admin','GET','192.168.10.1','[]','2020-05-02 06:03:55','2020-05-02 06:03:55'),(151,2,'admin','GET','192.168.10.1','{\"_pjax\":\"#pjax-container\"}','2020-05-02 06:04:01','2020-05-02 06:04:01'),(152,2,'admin','GET','192.168.10.1','[]','2020-05-02 06:04:31','2020-05-02 06:04:31'),(153,2,'admin','GET','192.168.10.1','[]','2020-05-02 06:04:49','2020-05-02 06:04:49'),(154,2,'admin','GET','192.168.10.1','[]','2020-05-02 06:05:11','2020-05-02 06:05:11'),(155,1,'admin','GET','192.168.10.1','[]','2020-05-03 21:30:32','2020-05-03 21:30:32'),(156,1,'admin/auth/menu','GET','192.168.10.1','{\"_pjax\":\"#pjax-container\"}','2020-05-03 21:30:48','2020-05-03 21:30:48'),(157,1,'admin/auth/menu','POST','192.168.10.1','{\"parent_id\":\"0\",\"title\":\"Insurance Management\",\"icon\":\"fa-cubes\",\"uri\":\"\\/insurance\",\"roles\":[null],\"permission\":null,\"_token\":\"UpmSQXRTYfUKvooTk75BE4QnQERYRYbjYajnLh4j\"}','2020-05-03 21:31:07','2020-05-03 21:31:07'),(158,1,'admin/auth/menu','GET','192.168.10.1','[]','2020-05-03 21:31:08','2020-05-03 21:31:08'),(159,1,'admin/users','GET','192.168.10.1','{\"_pjax\":\"#pjax-container\"}','2020-05-03 21:31:16','2020-05-03 21:31:16'),(160,1,'admin/auth/menu','GET','192.168.10.1','{\"_pjax\":\"#pjax-container\"}','2020-05-03 21:31:28','2020-05-03 21:31:28'),(161,1,'admin/auth/menu','POST','192.168.10.1','{\"_token\":\"UpmSQXRTYfUKvooTk75BE4QnQERYRYbjYajnLh4j\",\"_order\":\"[{\\\"id\\\":1},{\\\"id\\\":8},{\\\"id\\\":9},{\\\"id\\\":2,\\\"children\\\":[{\\\"id\\\":3},{\\\"id\\\":4},{\\\"id\\\":5},{\\\"id\\\":6},{\\\"id\\\":7}]}]\"}','2020-05-03 21:31:33','2020-05-03 21:31:33'),(162,1,'admin/auth/menu','GET','192.168.10.1','{\"_pjax\":\"#pjax-container\"}','2020-05-03 21:31:34','2020-05-03 21:31:34'),(163,1,'admin/auth/menu','GET','192.168.10.1','[]','2020-05-03 21:31:41','2020-05-03 21:31:41'),(164,1,'admin/insurance','GET','192.168.10.1','{\"_pjax\":\"#pjax-container\"}','2020-05-03 21:31:58','2020-05-03 21:31:58'),(165,1,'admin/insurance/create','GET','192.168.10.1','{\"_pjax\":\"#pjax-container\"}','2020-05-03 21:38:53','2020-05-03 21:38:53'),(166,1,'admin/insurance/create','GET','192.168.10.1','[]','2020-05-03 21:45:39','2020-05-03 21:45:39'),(167,1,'admin/insurance/create','GET','192.168.10.1','[]','2020-05-03 21:46:39','2020-05-03 21:46:39'),(168,1,'admin/insurance','POST','192.168.10.1','{\"title\":\"Home Insurance\",\"description\":\"<p><br><\\/p>\",\"is_home\":\"1\",\"home_skus\":{\"new_1\":{\"title\":\"Home Insurance\",\"value\":\"<=500\",\"home_type\":\"C\",\"fire_notification\":\"0\",\"security_system\":\"0\",\"swimming_pool\":\"Null\",\"basement\":\"0\",\"price\":\"350\",\"id\":null,\"_remove_\":\"0\"}},\"_token\":\"UpmSQXRTYfUKvooTk75BE4QnQERYRYbjYajnLh4j\"}','2020-05-03 21:48:01','2020-05-03 21:48:01'),(169,1,'admin/insurance/create','GET','192.168.10.1','[]','2020-05-03 21:48:02','2020-05-03 21:48:02'),(170,1,'admin/insurance','POST','192.168.10.1','{\"title\":\"Home Insurance\",\"description\":\"<p><br><\\/p>\",\"is_home\":\"1\",\"home_skus\":{\"new___LA_KEY__\":{\"title\":\"Home Insurance\",\"value\":\"<=500\",\"home_type\":\"C\",\"fire_notification\":\"0\",\"security_system\":\"0\",\"swimming_pool\":\"Null\",\"basement\":\"0\",\"price\":\"350\",\"id\":null,\"_remove_\":\"0\"}},\"_token\":\"UpmSQXRTYfUKvooTk75BE4QnQERYRYbjYajnLh4j\"}','2020-05-03 21:50:18','2020-05-03 21:50:18'),(171,1,'admin/insurance/create','GET','192.168.10.1','[]','2020-05-03 21:50:19','2020-05-03 21:50:19'),(172,1,'admin/insurance','GET','192.168.10.1','{\"_pjax\":\"#pjax-container\"}','2020-05-03 21:51:47','2020-05-03 21:51:47'),(173,1,'admin/insurance/create','GET','192.168.10.1','{\"_pjax\":\"#pjax-container\"}','2020-05-03 21:51:59','2020-05-03 21:51:59'),(174,1,'admin/insurance','POST','192.168.10.1','{\"title\":\"Home Insurance\",\"description\":\"<p><br><\\/p>\",\"is_home\":\"1\",\"home_skus\":{\"new_1\":{\"title\":\"Home Insurance\",\"value\":\"<=500\",\"home_type\":\"C\",\"fire_notification\":\"0\",\"security_system\":\"0\",\"swimming_pool\":\"Null\",\"basement\":\"0\",\"price\":\"350\",\"id\":null,\"_remove_\":\"0\"}},\"_token\":\"UpmSQXRTYfUKvooTk75BE4QnQERYRYbjYajnLh4j\",\"_previous_\":\"http:\\/\\/insurance.test\\/admin\\/insurance\"}','2020-05-03 21:52:12','2020-05-03 21:52:12'),(175,1,'admin/insurance/create','GET','192.168.10.1','[]','2020-05-03 21:52:13','2020-05-03 21:52:13'),(176,1,'admin/insurance','POST','192.168.10.1','{\"title\":\"Home Insurance\",\"description\":\"<p><br><\\/p>\",\"is_home\":\"1\",\"home_skus\":{\"new___LA_KEY__\":{\"title\":\"Home Insurance\",\"value\":\"<=500\",\"home_type\":\"C\",\"fire_notification\":\"0\",\"security_system\":\"0\",\"swimming_pool\":\"Null\",\"basement\":\"0\",\"price\":\"350\",\"id\":null,\"_remove_\":\"0\"}},\"_token\":\"UpmSQXRTYfUKvooTk75BE4QnQERYRYbjYajnLh4j\"}','2020-05-03 21:55:24','2020-05-03 21:55:24'),(177,1,'admin/insurance/create','GET','192.168.10.1','[]','2020-05-03 21:55:26','2020-05-03 21:55:26'),(178,1,'admin/insurance','POST','192.168.10.1','{\"title\":\"Home Insurance\",\"description\":\"<p><br><\\/p>\",\"is_home\":\"1\",\"home_skus\":{\"new___LA_KEY__\":{\"title\":\"Home Insurance\",\"value\":\"<=500\",\"home_type\":\"C\",\"fire_notification\":\"0\",\"security_system\":\"0\",\"swimming_pool\":\"Null\",\"basement\":\"0\",\"price\":\"350\",\"id\":null,\"_remove_\":\"0\"}},\"_token\":\"UpmSQXRTYfUKvooTk75BE4QnQERYRYbjYajnLh4j\"}','2020-05-03 21:56:27','2020-05-03 21:56:27'),(179,1,'admin/insurance/create','GET','192.168.10.1','[]','2020-05-03 21:56:28','2020-05-03 21:56:28'),(180,1,'admin/insurance','POST','192.168.10.1','{\"title\":\"Home Insurance\",\"description\":\"<p><br><\\/p>\",\"is_home\":\"1\",\"home_skus\":{\"new___LA_KEY__\":{\"title\":\"Home Insurance\",\"value\":\"<=500\",\"home_type\":\"C\",\"fire_notification\":\"0\",\"security_system\":\"0\",\"swimming_pool\":\"Null\",\"basement\":\"0\",\"price\":\"350\",\"id\":null,\"_remove_\":\"0\"}},\"_token\":\"UpmSQXRTYfUKvooTk75BE4QnQERYRYbjYajnLh4j\"}','2020-05-03 21:57:31','2020-05-03 21:57:31'),(181,1,'admin/insurance/create','GET','192.168.10.1','[]','2020-05-03 21:57:32','2020-05-03 21:57:32'),(182,1,'admin/insurance/create','GET','192.168.10.1','[]','2020-05-03 22:00:06','2020-05-03 22:00:06'),(183,1,'admin/insurance','POST','192.168.10.1','{\"title\":\"Home Insurance\",\"description\":\"<p><br><\\/p>\",\"is_home\":\"1\",\"home_skus\":{\"new_1\":{\"title\":\"Home Insurance\",\"value\":\"<=500\",\"home_type\":\"C\",\"fire_notification\":\"0\",\"security_system\":\"0\",\"swimming_pool\":\"Null\",\"basement\":\"0\",\"price\":\"350\",\"id\":null,\"_remove_\":\"0\"}},\"_token\":\"UpmSQXRTYfUKvooTk75BE4QnQERYRYbjYajnLh4j\"}','2020-05-03 22:00:19','2020-05-03 22:00:19'),(184,1,'admin/insurance','GET','192.168.10.1','[]','2020-05-03 22:00:20','2020-05-03 22:00:20'),(185,1,'admin/insurance/7/edit','GET','192.168.10.1','{\"_pjax\":\"#pjax-container\"}','2020-05-03 22:03:12','2020-05-03 22:03:12'),(186,1,'admin/insurance/7','PUT','192.168.10.1','{\"title\":\"Home Insurance\",\"description\":\"<p><br><\\/p>\",\"is_home\":\"1\",\"home_skus\":{\"1\":{\"title\":\"Home Insurance\",\"value\":\"<=500\",\"home_type\":\"C\",\"fire_notification\":\"0\",\"security_system\":\"0\",\"swimming_pool\":\"Null\",\"basement\":\"0\",\"price\":\"350.00\",\"id\":\"1\",\"_remove_\":\"0\"}},\"_token\":\"UpmSQXRTYfUKvooTk75BE4QnQERYRYbjYajnLh4j\",\"_method\":\"PUT\",\"_previous_\":\"http:\\/\\/insurance.test\\/admin\\/insurance\"}','2020-05-03 22:03:26','2020-05-03 22:03:26'),(187,1,'admin/insurance','GET','192.168.10.1','[]','2020-05-03 22:03:27','2020-05-03 22:03:27'),(188,1,'admin/insurance','GET','192.168.10.1','[]','2020-05-03 22:04:00','2020-05-03 22:04:00'),(189,1,'admin/insurance/7/edit','GET','192.168.10.1','{\"_pjax\":\"#pjax-container\"}','2020-05-04 04:40:57','2020-05-04 04:40:57'),(190,1,'admin/insurance/7','PUT','192.168.10.1','{\"title\":\"Home Insurance\",\"description\":\"<p><br><\\/p>\",\"is_home\":\"1\",\"home_skus\":{\"1\":{\"title\":\"Home Insurance\",\"value\":\"<=500\",\"home_type\":\"C\",\"fire_notification\":\"0\",\"security_system\":\"0\",\"swimming_pool\":\"Null\",\"basement\":\"0\",\"price\":\"350.00\",\"id\":\"1\",\"_remove_\":\"0\"},\"new_1\":{\"title\":\"Home Insurance\",\"value\":\"<=500\",\"home_type\":\"M\",\"fire_notification\":\"0\",\"security_system\":\"0\",\"swimming_pool\":\"Null\",\"basement\":\"0\",\"price\":\"350\",\"id\":null,\"_remove_\":\"0\"}},\"_token\":\"wryvK258WsgwdQsAaNFrKmLBSTdnWIMVrXpPwkyc\",\"_method\":\"PUT\",\"_previous_\":\"http:\\/\\/insurance.test\\/admin\\/insurance\"}','2020-05-04 04:41:37','2020-05-04 04:41:37'),(191,1,'admin/insurance','GET','192.168.10.1','[]','2020-05-04 04:41:39','2020-05-04 04:41:39'),(192,1,'admin/insurance/7/edit','GET','192.168.10.1','{\"_pjax\":\"#pjax-container\"}','2020-05-04 04:42:03','2020-05-04 04:42:03'),(193,1,'admin/insurance/7','PUT','192.168.10.1','{\"title\":\"Home Insurance(A)\",\"description\":\"<p>Basic home insurance without Auto Fire <span style=\\\"color: rgb(33, 33, 33);\\\">Notification, Home Security System, Swimming Pool&nbsp;and Basement.<\\/span><\\/p>\",\"is_home\":\"1\",\"home_skus\":{\"1\":{\"title\":\"Home Insurance(A)\",\"value\":\"<=500k\",\"home_type\":\"C\",\"fire_notification\":\"0\",\"security_system\":\"0\",\"swimming_pool\":\"Null\",\"basement\":\"0\",\"price\":\"350.00\",\"id\":\"1\",\"_remove_\":\"0\"},\"2\":{\"title\":\"Home Insurance\",\"value\":\"<=500\",\"home_type\":\"M\",\"fire_notification\":\"0\",\"security_system\":\"0\",\"swimming_pool\":\"Null\",\"basement\":\"0\",\"price\":\"350.00\",\"id\":\"2\",\"_remove_\":\"1\"}},\"_token\":\"wryvK258WsgwdQsAaNFrKmLBSTdnWIMVrXpPwkyc\",\"_method\":\"PUT\",\"_previous_\":\"http:\\/\\/insurance.test\\/admin\\/insurance\"}','2020-05-04 04:57:47','2020-05-04 04:57:47'),(194,1,'admin/insurance','GET','192.168.10.1','[]','2020-05-04 04:57:49','2020-05-04 04:57:49'),(195,1,'admin/insurance','GET','192.168.10.1','[]','2020-05-04 04:59:51','2020-05-04 04:59:51'),(196,1,'admin/insurance/7/edit','GET','192.168.10.1','{\"_pjax\":\"#pjax-container\"}','2020-05-04 04:59:55','2020-05-04 04:59:55'),(197,1,'admin/insurance/7/edit','GET','192.168.10.1','[]','2020-05-04 05:00:13','2020-05-04 05:00:13'),(198,1,'admin/insurance/7','PUT','192.168.10.1','{\"title\":\"Home Insurance(A)\",\"description\":\"<p>Basic home insurance without Auto Fire <span style=\\\"color: rgb(33, 33, 33);\\\">Notification, Home Security System, Swimming Pool&nbsp;and Basement.<\\/span><\\/p>\",\"is_home\":\"1\",\"home_skus\":{\"1\":{\"title\":\"Home Insurance(A)\",\"value\":\"<=500k\",\"price\":\"350.00\",\"id\":\"1\",\"_remove_\":\"0\"},\"new_1\":{\"title\":\"Home Insurance(A)\",\"value\":\"<=1000k\",\"price\":\"400\",\"id\":null,\"_remove_\":\"0\"},\"new_2\":{\"title\":\"Home Insurance(A)\",\"value\":\"<=2000k\",\"price\":\"450\",\"id\":null,\"_remove_\":\"0\"},\"new_3\":{\"title\":\"Home Insurance(A)\",\"value\":\"<=5000k\",\"price\":\"550\",\"id\":null,\"_remove_\":\"0\"},\"new_4\":{\"title\":\"Home Insurance(A)\",\"value\":\"<=10000k\",\"price\":\"650\",\"id\":null,\"_remove_\":\"0\"},\"new_5\":{\"title\":\"Home Insurance(A)\",\"value\":\">10000k\",\"price\":\"800\",\"id\":null,\"_remove_\":\"0\"}},\"_token\":\"wryvK258WsgwdQsAaNFrKmLBSTdnWIMVrXpPwkyc\",\"_method\":\"PUT\",\"_previous_\":\"http:\\/\\/insurance.test\\/admin\\/insurance\"}','2020-05-04 05:02:36','2020-05-04 05:02:36'),(199,1,'admin/insurance/7/edit','GET','192.168.10.1','[]','2020-05-04 05:02:38','2020-05-04 05:02:38'),(200,1,'admin/insurance/7','PUT','192.168.10.1','{\"title\":\"Home Insurance(A)\",\"description\":\"<p>Basic home insurance without Auto Fire <span style=\\\"color: rgb(33, 33, 33);\\\">Notification, Home Security System, Swimming Pool&nbsp;and Basement.<\\/span><\\/p>\",\"is_home\":\"1\",\"home_skus\":{\"1\":{\"title\":\"Home Insurance(A)\",\"value\":\"<=500k\",\"price\":\"350.00\",\"id\":\"1\",\"_remove_\":\"0\"},\"new___LA_KEY__\":{\"title\":\"Home Insurance(A)\",\"value\":\">10000k\",\"price\":\"800\",\"id\":null,\"_remove_\":\"0\"}},\"_token\":\"wryvK258WsgwdQsAaNFrKmLBSTdnWIMVrXpPwkyc\",\"_method\":\"PUT\"}','2020-05-04 05:04:16','2020-05-04 05:04:16'),(201,1,'admin/insurance','GET','192.168.10.1','[]','2020-05-04 05:04:17','2020-05-04 05:04:17'),(202,1,'admin/insurance/7/edit','GET','192.168.10.1','{\"_pjax\":\"#pjax-container\"}','2020-05-04 05:04:35','2020-05-04 05:04:35'),(203,1,'admin/insurance','GET','192.168.10.1','{\"_pjax\":\"#pjax-container\"}','2020-05-04 05:06:25','2020-05-04 05:06:25'),(204,1,'admin/insurance/7/edit','GET','192.168.10.1','{\"_pjax\":\"#pjax-container\"}','2020-05-04 05:06:29','2020-05-04 05:06:29'),(205,1,'admin/insurance/7','PUT','192.168.10.1','{\"title\":\"Home Insurance(A)\",\"description\":\"<p>Basic home insurance without Auto Fire <span style=\\\"color: rgb(33, 33, 33);\\\">Notification, Home Security System, Swimming Pool&nbsp;and Basement.<\\/span><\\/p>\",\"is_home\":\"1\",\"home_skus\":{\"1\":{\"title\":\"Home Insurance(A)\",\"value\":\"<=500k\",\"price\":\"350.00\",\"id\":\"1\",\"_remove_\":\"0\"},\"3\":{\"title\":\"Home Insurance(A)\",\"value\":\"<=1000k\",\"price\":\"450\",\"id\":\"3\",\"_remove_\":\"0\"}},\"_token\":\"wryvK258WsgwdQsAaNFrKmLBSTdnWIMVrXpPwkyc\",\"_method\":\"PUT\",\"_previous_\":\"http:\\/\\/insurance.test\\/admin\\/insurance\"}','2020-05-04 05:06:47','2020-05-04 05:06:47'),(206,1,'admin/insurance','GET','192.168.10.1','[]','2020-05-04 05:06:48','2020-05-04 05:06:48'),(207,1,'admin/insurance/7/edit','GET','192.168.10.1','{\"_pjax\":\"#pjax-container\"}','2020-05-04 05:06:53','2020-05-04 05:06:53'),(208,1,'admin/insurance/7','PUT','192.168.10.1','{\"title\":\"Home Insurance(A)\",\"description\":\"<p>Basic home insurance without Auto Fire <span style=\\\"color: rgb(33, 33, 33);\\\">Notification, Home Security System, Swimming Pool&nbsp;and Basement.<\\/span><\\/p>\",\"is_home\":\"1\",\"home_skus\":{\"1\":{\"title\":\"Home Insurance(A)\",\"value\":\"<=500k\",\"price\":\"350.00\",\"id\":\"1\",\"_remove_\":\"0\"},\"3\":{\"title\":\"Home Insurance(A)\",\"value\":\"<=1000k\",\"price\":\"450.00\",\"id\":\"3\",\"_remove_\":\"0\"},\"new_1\":{\"title\":\"Home Insurance(A)\",\"value\":\"<=2000k\",\"price\":\"550\",\"id\":null,\"_remove_\":\"0\"}},\"_token\":\"wryvK258WsgwdQsAaNFrKmLBSTdnWIMVrXpPwkyc\",\"_method\":\"PUT\",\"_previous_\":\"http:\\/\\/insurance.test\\/admin\\/insurance\"}','2020-05-04 05:07:17','2020-05-04 05:07:17'),(209,1,'admin/insurance','GET','192.168.10.1','[]','2020-05-04 05:07:18','2020-05-04 05:07:18'),(210,1,'admin/insurance/7/edit','GET','192.168.10.1','{\"_pjax\":\"#pjax-container\"}','2020-05-04 05:07:34','2020-05-04 05:07:34'),(211,1,'admin/insurance/7','PUT','192.168.10.1','{\"title\":\"Home Insurance(A)\",\"description\":\"<p>Basic home insurance without Auto Fire <span style=\\\"color: rgb(33, 33, 33);\\\">Notification, Home Security System, Swimming Pool&nbsp;and Basement.<\\/span><\\/p>\",\"is_home\":\"1\",\"home_skus\":{\"1\":{\"title\":\"Home Insurance(A)\",\"value\":\"<=500k\",\"price\":\"350.00\",\"id\":\"1\",\"_remove_\":\"0\"},\"3\":{\"title\":\"Home Insurance(A)\",\"value\":\"<=1000k\",\"price\":\"450.00\",\"id\":\"3\",\"_remove_\":\"0\"},\"4\":{\"title\":\"Home Insurance(A)\",\"value\":\"<=2000k\",\"price\":\"550.00\",\"id\":\"4\",\"_remove_\":\"0\"},\"new_1\":{\"title\":\"Home Insurance(A)\",\"value\":\"<=5000k\",\"price\":\"680\",\"id\":null,\"_remove_\":\"0\"},\"new_2\":{\"title\":\"Home Insurance(A)\",\"value\":\"<=10000k\",\"price\":\"800\",\"id\":null,\"_remove_\":\"0\"},\"new_3\":{\"title\":\"Home Insurance(A)\",\"value\":\">10000k\",\"price\":\"1000\",\"id\":null,\"_remove_\":\"0\"}},\"_token\":\"wryvK258WsgwdQsAaNFrKmLBSTdnWIMVrXpPwkyc\",\"_method\":\"PUT\",\"_previous_\":\"http:\\/\\/insurance.test\\/admin\\/insurance\"}','2020-05-04 05:09:29','2020-05-04 05:09:29'),(212,1,'admin/insurance','GET','192.168.10.1','[]','2020-05-04 05:09:31','2020-05-04 05:09:31'),(213,1,'admin/insurance/7/edit','GET','192.168.10.1','{\"_pjax\":\"#pjax-container\"}','2020-05-04 05:09:49','2020-05-04 05:09:49'),(214,1,'admin/insurance','GET','192.168.10.1','{\"_pjax\":\"#pjax-container\"}','2020-05-04 15:40:53','2020-05-04 15:40:53'),(215,1,'admin/insurance/create','GET','192.168.10.1','{\"_pjax\":\"#pjax-container\"}','2020-05-04 16:03:07','2020-05-04 16:03:07'),(216,1,'admin/insurance','POST','192.168.10.1','{\"title\":\"Home Insurance(B)\",\"description\":\"<p><br><\\/p>\",\"is_home\":\"1\",\"_token\":\"sy2snN6PKaYJPmxHQHkS6QJZhXEikbn5B6GM6JGX\",\"_previous_\":\"http:\\/\\/insurance.test\\/admin\\/insurance\"}','2020-05-04 16:03:56','2020-05-04 16:03:56'),(217,1,'admin/insurance','GET','192.168.10.1','[]','2020-05-04 16:03:58','2020-05-04 16:03:58'),(218,1,'admin/insurance/8/edit','GET','192.168.10.1','{\"_pjax\":\"#pjax-container\"}','2020-05-04 16:04:05','2020-05-04 16:04:05'),(219,1,'admin/insurance/8','PUT','192.168.10.1','{\"title\":\"Home Insurance(B)\",\"description\":\"<p><br><\\/p>\",\"is_home\":\"1\",\"home_skus\":{\"new_1\":{\"title\":\"Home Insurance(B)\",\"value\":\"<=500\",\"price\":\"550\",\"id\":null,\"_remove_\":\"0\"}},\"_token\":\"sy2snN6PKaYJPmxHQHkS6QJZhXEikbn5B6GM6JGX\",\"_method\":\"PUT\",\"_previous_\":\"http:\\/\\/insurance.test\\/admin\\/insurance\"}','2020-05-04 16:04:32','2020-05-04 16:04:32'),(220,1,'admin/insurance','GET','192.168.10.1','[]','2020-05-04 16:04:34','2020-05-04 16:04:34'),(221,1,'admin/insurance','GET','192.168.10.1','[]','2020-05-04 16:50:00','2020-05-04 16:50:00'),(222,1,'admin/insurance/7/edit','GET','192.168.10.1','{\"_pjax\":\"#pjax-container\"}','2020-05-04 16:50:06','2020-05-04 16:50:06'),(223,1,'admin/insurance','GET','192.168.10.1','{\"_pjax\":\"#pjax-container\"}','2020-05-04 16:50:18','2020-05-04 16:50:18'),(224,1,'admin/insurance/8/edit','GET','192.168.10.1','{\"_pjax\":\"#pjax-container\"}','2020-05-04 16:50:22','2020-05-04 16:50:22'),(225,1,'admin/insurance','GET','192.168.10.1','{\"_pjax\":\"#pjax-container\"}','2020-05-04 16:50:25','2020-05-04 16:50:25'),(226,1,'admin/insurance','GET','192.168.10.1','[]','2020-05-04 16:52:29','2020-05-04 16:52:29'),(227,1,'admin/insurance/8/edit','GET','192.168.10.1','{\"_pjax\":\"#pjax-container\"}','2020-05-04 16:52:49','2020-05-04 16:52:49'),(228,1,'admin/insurance/8','PUT','192.168.10.1','{\"title\":\"Home Insurance(B)\",\"description\":\"<p><br><\\/p>\",\"is_home\":\"1\",\"price\":\"550.00\",\"_token\":\"sy2snN6PKaYJPmxHQHkS6QJZhXEikbn5B6GM6JGX\",\"_method\":\"PUT\",\"_previous_\":\"http:\\/\\/insurance.test\\/admin\\/insurance\"}','2020-05-04 16:53:04','2020-05-04 16:53:04'),(229,1,'admin/insurance','GET','192.168.10.1','[]','2020-05-04 16:53:05','2020-05-04 16:53:05'),(230,1,'admin/insurance/create','GET','192.168.10.1','{\"_pjax\":\"#pjax-container\"}','2020-05-04 16:53:54','2020-05-04 16:53:54'),(231,1,'admin/insurance','POST','192.168.10.1','{\"title\":\"Home Insurance(C)\",\"description\":\"<p><br><\\/p>\",\"is_home\":\"1\",\"price\":\"650\",\"_token\":\"sy2snN6PKaYJPmxHQHkS6QJZhXEikbn5B6GM6JGX\",\"_previous_\":\"http:\\/\\/insurance.test\\/admin\\/insurance\"}','2020-05-04 16:54:06','2020-05-04 16:54:06'),(232,1,'admin/insurance','GET','192.168.10.1','[]','2020-05-04 16:54:06','2020-05-04 16:54:06'),(233,1,'admin/insurance/7/edit','GET','192.168.10.1','{\"_pjax\":\"#pjax-container\"}','2020-05-04 16:54:27','2020-05-04 16:54:27'),(234,1,'admin/insurance/7/edit','GET','192.168.10.1','[]','2020-05-04 16:55:18','2020-05-04 16:55:18'),(235,1,'admin/insurance','GET','192.168.10.1','[]','2020-05-04 16:55:25','2020-05-04 16:55:25'),(236,1,'admin/insurance/7/edit','GET','192.168.10.1','{\"_pjax\":\"#pjax-container\"}','2020-05-04 16:55:34','2020-05-04 16:55:34'),(237,1,'admin/insurance','GET','192.168.10.1','{\"_pjax\":\"#pjax-container\"}','2020-05-04 16:56:42','2020-05-04 16:56:42'),(238,1,'admin/insurance','GET','192.168.10.1','[]','2020-05-04 16:56:47','2020-05-04 16:56:47'),(239,1,'admin/insurance','GET','192.168.10.1','[]','2020-05-04 16:58:59','2020-05-04 16:58:59'),(240,1,'admin/insurance/9/edit','GET','192.168.10.1','{\"_pjax\":\"#pjax-container\"}','2020-05-04 16:59:04','2020-05-04 16:59:04'),(241,1,'admin/insurance','GET','192.168.10.1','{\"_pjax\":\"#pjax-container\"}','2020-05-04 16:59:21','2020-05-04 16:59:21'),(242,1,'admin/insurance','GET','192.168.10.1','[]','2020-05-04 16:59:22','2020-05-04 16:59:22'),(243,1,'admin/insurance/9/edit','GET','192.168.10.1','{\"_pjax\":\"#pjax-container\"}','2020-05-04 16:59:38','2020-05-04 16:59:38'),(244,1,'admin/insurance/9','DELETE','192.168.10.1','{\"_method\":\"delete\",\"_token\":\"sy2snN6PKaYJPmxHQHkS6QJZhXEikbn5B6GM6JGX\"}','2020-05-04 16:59:42','2020-05-04 16:59:42'),(245,1,'admin/insurance','GET','192.168.10.1','{\"_pjax\":\"#pjax-container\"}','2020-05-04 16:59:43','2020-05-04 16:59:43'),(246,1,'admin/insurance','GET','192.168.10.1','[]','2020-05-04 17:01:54','2020-05-04 17:01:54'),(247,1,'admin/insurance/8/edit','GET','192.168.10.1','{\"_pjax\":\"#pjax-container\"}','2020-05-04 17:01:59','2020-05-04 17:01:59'),(248,1,'admin/insurance/8','PUT','192.168.10.1','{\"title\":\"Home Insurance(B)\",\"description\":\"<p><br><\\/p>\",\"is_home\":\"1\",\"price\":\"550.00\",\"home_skus\":{\"8\":{\"id\":\"8\",\"_remove_\":\"1\"},\"new_1\":{\"id\":null,\"_remove_\":\"1\"}},\"_token\":\"sy2snN6PKaYJPmxHQHkS6QJZhXEikbn5B6GM6JGX\",\"_method\":\"PUT\",\"_previous_\":\"http:\\/\\/insurance.test\\/admin\\/insurance\"}','2020-05-04 17:02:09','2020-05-04 17:02:09'),(249,1,'admin/insurance','GET','192.168.10.1','[]','2020-05-04 17:02:10','2020-05-04 17:02:10'),(250,1,'admin/insurance/create','GET','192.168.10.1','{\"_pjax\":\"#pjax-container\"}','2020-05-04 17:02:30','2020-05-04 17:02:30'),(251,1,'admin/insurance','POST','192.168.10.1','{\"title\":\"Home Insurance(C)\",\"description\":\"<p><br><\\/p>\",\"is_home\":\"1\",\"price\":\"650\",\"_token\":\"sy2snN6PKaYJPmxHQHkS6QJZhXEikbn5B6GM6JGX\",\"_previous_\":\"http:\\/\\/insurance.test\\/admin\\/insurance\"}','2020-05-04 17:02:52','2020-05-04 17:02:52'),(252,1,'admin/insurance','GET','192.168.10.1','[]','2020-05-04 17:02:53','2020-05-04 17:02:53'),(253,1,'admin/insurance/10/edit','GET','192.168.10.1','{\"_pjax\":\"#pjax-container\"}','2020-05-04 17:06:59','2020-05-04 17:06:59'),(254,1,'admin/insurance/10','PUT','192.168.10.1','{\"title\":\"Home Insurance(C)\",\"description\":\"<p><br><\\/p>\",\"is_home\":\"1\",\"price\":\"650.00\",\"_token\":\"sy2snN6PKaYJPmxHQHkS6QJZhXEikbn5B6GM6JGX\",\"_method\":\"PUT\",\"_previous_\":\"http:\\/\\/insurance.test\\/admin\\/insurance\"}','2020-05-04 17:07:05','2020-05-04 17:07:05'),(255,1,'admin/insurance','GET','192.168.10.1','[]','2020-05-04 17:07:06','2020-05-04 17:07:06'),(256,1,'admin/insurance/10/edit','GET','192.168.10.1','{\"_pjax\":\"#pjax-container\"}','2020-05-04 17:07:36','2020-05-04 17:07:36'),(257,1,'admin/insurance/10','PUT','192.168.10.1','{\"title\":\"Home Insurance(C)\",\"description\":\"<p><br><\\/p>\",\"is_home\":\"1\",\"price\":\"650.00\",\"_token\":\"sy2snN6PKaYJPmxHQHkS6QJZhXEikbn5B6GM6JGX\",\"_method\":\"PUT\",\"_previous_\":\"http:\\/\\/insurance.test\\/admin\\/insurance\"}','2020-05-04 17:07:38','2020-05-04 17:07:38'),(258,1,'admin/insurance','GET','192.168.10.1','[]','2020-05-04 17:07:39','2020-05-04 17:07:39'),(259,1,'admin/insurance/10/edit','GET','192.168.10.1','{\"_pjax\":\"#pjax-container\"}','2020-05-04 17:08:26','2020-05-04 17:08:26'),(260,1,'admin/insurance/10','PUT','192.168.10.1','{\"title\":\"Home Insurance(C)\",\"description\":\"<p><br><\\/p>\",\"is_home\":\"1\",\"price\":\"650.00\",\"_token\":\"sy2snN6PKaYJPmxHQHkS6QJZhXEikbn5B6GM6JGX\",\"_method\":\"PUT\",\"_previous_\":\"http:\\/\\/insurance.test\\/admin\\/insurance\"}','2020-05-04 17:08:28','2020-05-04 17:08:28'),(261,1,'admin/insurance','GET','192.168.10.1','[]','2020-05-04 17:08:29','2020-05-04 17:08:29'),(262,1,'admin/insurance/10/edit','GET','192.168.10.1','{\"_pjax\":\"#pjax-container\"}','2020-05-04 17:12:06','2020-05-04 17:12:06'),(263,1,'admin/insurance/10','PUT','192.168.10.1','{\"title\":\"Home Insurance(C)\",\"description\":\"<p><br><\\/p>\",\"is_home\":\"1\",\"price\":\"650.00\",\"_token\":\"sy2snN6PKaYJPmxHQHkS6QJZhXEikbn5B6GM6JGX\",\"_method\":\"PUT\",\"_previous_\":\"http:\\/\\/insurance.test\\/admin\\/insurance\"}','2020-05-04 17:12:10','2020-05-04 17:12:10'),(264,1,'admin/insurance','GET','192.168.10.1','[]','2020-05-04 17:12:12','2020-05-04 17:12:12'),(265,1,'admin/insurance','GET','192.168.10.1','[]','2020-05-05 14:19:59','2020-05-05 14:19:59'),(266,1,'admin/insurance','GET','192.168.10.1','[]','2020-05-05 14:49:01','2020-05-05 14:49:01'),(267,1,'admin/insurance/create','GET','192.168.10.1','{\"_pjax\":\"#pjax-container\"}','2020-05-05 16:19:21','2020-05-05 16:19:21'),(268,1,'admin/insurance','POST','192.168.10.1','{\"title\":\"Auto Insurance(A)\",\"description\":\"<p><br><\\/p>\",\"is_home\":\"0\",\"price\":\"200\",\"_token\":\"nDFw0GOpeSOhPj7V4RsPkx0UnfkBXsQHjZ74jrrz\",\"_previous_\":\"http:\\/\\/insurance.test\\/admin\\/insurance\"}','2020-05-05 16:19:34','2020-05-05 16:19:34'),(269,1,'admin/insurance','GET','192.168.10.1','[]','2020-05-05 16:19:35','2020-05-05 16:19:35'),(270,1,'admin/insurance/11/edit','GET','192.168.10.1','{\"_pjax\":\"#pjax-container\"}','2020-05-05 16:24:35','2020-05-05 16:24:35'),(271,1,'admin/insurance/11','PUT','192.168.10.1','{\"title\":\"Auto Insurance(A)\",\"description\":\"<p><br><\\/p>\",\"is_home\":\"0\",\"price\":\"200.00\",\"_token\":\"nDFw0GOpeSOhPj7V4RsPkx0UnfkBXsQHjZ74jrrz\",\"_method\":\"PUT\",\"_previous_\":\"http:\\/\\/insurance.test\\/admin\\/insurance\"}','2020-05-05 16:24:39','2020-05-05 16:24:39'),(272,1,'admin/insurance','GET','192.168.10.1','[]','2020-05-05 16:24:39','2020-05-05 16:24:39'),(273,1,'admin/insurance','GET','192.168.10.1','[]','2020-05-05 16:25:42','2020-05-05 16:25:42'),(274,1,'admin/insurance/11/edit','GET','192.168.10.1','{\"_pjax\":\"#pjax-container\"}','2020-05-05 16:25:46','2020-05-05 16:25:46'),(275,1,'admin/insurance/11','PUT','192.168.10.1','{\"title\":\"Auto Insurance(A)\",\"description\":\"<p><br><\\/p>\",\"is_home\":\"0\",\"home_skus\":{\"new_1\":{\"price\":\"200\",\"id\":null,\"_remove_\":\"0\"}},\"_token\":\"nDFw0GOpeSOhPj7V4RsPkx0UnfkBXsQHjZ74jrrz\",\"_method\":\"PUT\",\"_previous_\":\"http:\\/\\/insurance.test\\/admin\\/insurance\"}','2020-05-05 16:25:55','2020-05-05 16:25:55'),(276,1,'admin/insurance/11/edit','GET','192.168.10.1','[]','2020-05-05 16:26:25','2020-05-05 16:26:25'),(277,1,'admin/insurance/11','PUT','192.168.10.1','{\"title\":\"Auto Insurance(A)\",\"description\":\"<p><br><\\/p>\",\"is_home\":\"0\",\"home_skus\":{\"new___LA_KEY__\":{\"price\":\"200\",\"id\":null,\"_remove_\":\"0\"}},\"_token\":\"nDFw0GOpeSOhPj7V4RsPkx0UnfkBXsQHjZ74jrrz\",\"_method\":\"PUT\"}','2020-05-05 16:26:46','2020-05-05 16:26:46'),(278,1,'admin/insurance/11/edit','GET','192.168.10.1','[]','2020-05-05 16:27:07','2020-05-05 16:27:07'),(279,1,'admin/insurance/11/edit','GET','192.168.10.1','[]','2020-05-05 16:28:25','2020-05-05 16:28:25'),(280,1,'admin/insurance/11','PUT','192.168.10.1','{\"title\":\"Auto Insurance(A)\",\"description\":\"<p><br><\\/p>\",\"is_home\":\"0\",\"_token\":\"nDFw0GOpeSOhPj7V4RsPkx0UnfkBXsQHjZ74jrrz\",\"_method\":\"PUT\",\"_previous_\":\"http:\\/\\/insurance.test\\/admin\\/insurance\"}','2020-05-05 16:28:28','2020-05-05 16:28:28'),(281,1,'admin/insurance','GET','192.168.10.1','[]','2020-05-05 16:28:29','2020-05-05 16:28:29'),(282,1,'admin/insurance/11/edit','GET','192.168.10.1','{\"_pjax\":\"#pjax-container\"}','2020-05-05 16:28:33','2020-05-05 16:28:33'),(283,1,'admin/insurance/11','PUT','192.168.10.1','{\"title\":\"Auto Insurance(A)\",\"description\":\"<p><br><\\/p>\",\"is_home\":\"0\",\"home_skus\":{\"new_1\":{\"price\":\"200\",\"id\":null,\"_remove_\":\"0\"}},\"_token\":\"nDFw0GOpeSOhPj7V4RsPkx0UnfkBXsQHjZ74jrrz\",\"_method\":\"PUT\",\"_previous_\":\"http:\\/\\/insurance.test\\/admin\\/insurance\"}','2020-05-05 16:28:46','2020-05-05 16:28:46'),(284,1,'admin/insurance/11/edit','GET','192.168.10.1','[]','2020-05-05 16:29:05','2020-05-05 16:29:05'),(285,1,'admin/insurance/11/edit','GET','192.168.10.1','[]','2020-05-05 16:30:09','2020-05-05 16:30:09'),(286,1,'admin/insurance/11','PUT','192.168.10.1','{\"title\":\"Auto Insurance(A)\",\"description\":\"<p><br><\\/p>\",\"is_home\":\"0\",\"home_skus\":{\"new_1\":{\"price\":\"200\",\"id\":null,\"_remove_\":\"0\"}},\"_token\":\"nDFw0GOpeSOhPj7V4RsPkx0UnfkBXsQHjZ74jrrz\",\"_method\":\"PUT\"}','2020-05-05 16:30:17','2020-05-05 16:30:17'),(287,1,'admin/insurance','GET','192.168.10.1','[]','2020-05-05 16:30:18','2020-05-05 16:30:18'),(288,1,'admin/insurance/11/edit','GET','192.168.10.1','{\"_pjax\":\"#pjax-container\"}','2020-05-05 16:32:55','2020-05-05 16:32:55'),(289,1,'admin/insurance/11/edit','GET','192.168.10.1','[]','2020-05-05 16:33:06','2020-05-05 16:33:06'),(290,1,'admin/insurance/11','PUT','192.168.10.1','{\"title\":\"Auto Insurance(A)\",\"description\":\"<p><br><\\/p>\",\"is_home\":\"0\",\"price\":\"200.00\",\"_token\":\"nDFw0GOpeSOhPj7V4RsPkx0UnfkBXsQHjZ74jrrz\",\"_method\":\"PUT\"}','2020-05-05 16:33:09','2020-05-05 16:33:09'),(291,1,'admin/insurance','GET','192.168.10.1','[]','2020-05-05 16:33:10','2020-05-05 16:33:10'),(292,1,'admin/insurance/create','GET','192.168.10.1','{\"_pjax\":\"#pjax-container\"}','2020-05-05 16:33:39','2020-05-05 16:33:39'),(293,1,'admin/insurance','POST','192.168.10.1','{\"title\":\"Auto Insurance(B)\",\"description\":\"<p><br><\\/p>\",\"is_home\":\"0\",\"price\":\"250\",\"_token\":\"nDFw0GOpeSOhPj7V4RsPkx0UnfkBXsQHjZ74jrrz\",\"_previous_\":\"http:\\/\\/insurance.test\\/admin\\/insurance\"}','2020-05-05 16:33:52','2020-05-05 16:33:52'),(294,1,'admin/insurance','GET','192.168.10.1','[]','2020-05-05 16:33:53','2020-05-05 16:33:53'),(295,1,'admin/users','GET','192.168.10.1','{\"_pjax\":\"#pjax-container\"}','2020-05-06 23:30:41','2020-05-06 23:30:41'),(296,1,'admin/users','GET','192.168.10.1','[]','2020-05-06 23:31:13','2020-05-06 23:31:13'),(297,1,'admin/_handle_action_','POST','192.168.10.1','{\"_key\":\"1\",\"_model\":\"App_Models_User\",\"_token\":\"0DPqWz8JYMWpTPxTchpsIqF3nam6VdDbrGplAE0c\",\"_action\":\"Encore_Admin_Grid_Actions_Delete\",\"_input\":\"true\"}','2020-05-06 23:31:29','2020-05-06 23:31:29'),(298,1,'admin/users','GET','192.168.10.1','{\"_pjax\":\"#pjax-container\"}','2020-05-06 23:31:30','2020-05-06 23:31:30'),(299,1,'admin/insurance','GET','192.168.10.1','{\"_pjax\":\"#pjax-container\"}','2020-05-06 23:40:10','2020-05-06 23:40:10'),(300,1,'admin/auth/menu','GET','192.168.10.1','{\"_pjax\":\"#pjax-container\"}','2020-05-06 23:41:26','2020-05-06 23:41:26'),(301,1,'admin/auth/menu','POST','192.168.10.1','{\"parent_id\":\"0\",\"title\":\"Home Order Management\",\"icon\":\"fa-dollar\",\"uri\":\"\\/home_orders\",\"roles\":[null],\"permission\":null,\"_token\":\"0DPqWz8JYMWpTPxTchpsIqF3nam6VdDbrGplAE0c\"}','2020-05-06 23:42:42','2020-05-06 23:42:42'),(302,1,'admin/auth/menu','GET','192.168.10.1','[]','2020-05-06 23:42:43','2020-05-06 23:42:43'),(303,1,'admin/auth/menu','POST','192.168.10.1','{\"_token\":\"0DPqWz8JYMWpTPxTchpsIqF3nam6VdDbrGplAE0c\",\"_order\":\"[{\\\"id\\\":1},{\\\"id\\\":8},{\\\"id\\\":9},{\\\"id\\\":10},{\\\"id\\\":2,\\\"children\\\":[{\\\"id\\\":3},{\\\"id\\\":4},{\\\"id\\\":5},{\\\"id\\\":6},{\\\"id\\\":7}]}]\"}','2020-05-06 23:42:51','2020-05-06 23:42:51'),(304,1,'admin/auth/menu','GET','192.168.10.1','{\"_pjax\":\"#pjax-container\"}','2020-05-06 23:42:52','2020-05-06 23:42:52'),(305,1,'admin/auth/menu','GET','192.168.10.1','{\"_pjax\":\"#pjax-container\"}','2020-05-06 23:43:04','2020-05-06 23:43:04'),(306,1,'admin/auth/menu','GET','192.168.10.1','[]','2020-05-06 23:43:15','2020-05-06 23:43:15'),(307,1,'admin/home_orders','GET','192.168.10.1','{\"_pjax\":\"#pjax-container\"}','2020-05-06 23:43:22','2020-05-06 23:43:22'),(308,1,'admin/home_orders','GET','192.168.10.1','[]','2020-05-06 23:43:34','2020-05-06 23:43:34'),(309,1,'admin/home_orders/1','GET','192.168.10.1','[]','2020-05-07 00:37:42','2020-05-07 00:37:42'),(310,1,'admin/home_orders/1','GET','192.168.10.1','[]','2020-05-07 00:39:07','2020-05-07 00:39:07'),(311,1,'admin/home_orders/1','GET','192.168.10.1','[]','2020-05-07 00:40:08','2020-05-07 00:40:08'),(312,1,'admin/home_orders/1','GET','192.168.10.1','[]','2020-05-07 00:41:28','2020-05-07 00:41:28'),(313,1,'admin/home_orders/1','GET','192.168.10.1','[]','2020-05-07 00:41:45','2020-05-07 00:41:45'),(314,1,'admin/home_orders/1','GET','192.168.10.1','[]','2020-05-07 00:42:50','2020-05-07 00:42:50'),(315,1,'admin/home_orders/1','GET','192.168.10.1','[]','2020-05-07 00:43:23','2020-05-07 00:43:23'),(316,1,'admin/home_orders/1','GET','192.168.10.1','[]','2020-05-07 00:44:29','2020-05-07 00:44:29'),(317,1,'admin/home_orders/1','GET','192.168.10.1','[]','2020-05-07 00:45:29','2020-05-07 00:45:29'),(318,1,'admin/home_orders/1','GET','192.168.10.1','[]','2020-05-07 00:45:57','2020-05-07 00:45:57'),(319,1,'admin/home_orders','GET','192.168.10.1','{\"_pjax\":\"#pjax-container\"}','2020-05-07 00:46:39','2020-05-07 00:46:39'),(320,1,'admin/home_orders/1','GET','192.168.10.1','{\"_pjax\":\"#pjax-container\"}','2020-05-07 00:47:00','2020-05-07 00:47:00'),(321,1,'admin/home_orders','GET','192.168.10.1','{\"_pjax\":\"#pjax-container\"}','2020-05-07 00:48:43','2020-05-07 00:48:43'),(322,1,'admin/home_orders/1','GET','192.168.10.1','{\"_pjax\":\"#pjax-container\"}','2020-05-07 01:52:12','2020-05-07 01:52:12'),(323,1,'admin/home_orders','GET','192.168.10.1','{\"_pjax\":\"#pjax-container\"}','2020-05-07 01:59:58','2020-05-07 01:59:58'),(324,1,'admin/home_orders','GET','192.168.10.1','[]','2020-05-07 02:00:48','2020-05-07 02:00:48'),(325,1,'admin/home_orders/1','GET','192.168.10.1','{\"_pjax\":\"#pjax-container\"}','2020-05-07 02:48:52','2020-05-07 02:48:52'),(326,1,'admin/home_orders/1','GET','192.168.10.1','[]','2020-05-07 02:52:38','2020-05-07 02:52:38'),(327,1,'admin/home_orders/1','GET','192.168.10.1','[]','2020-05-07 03:10:23','2020-05-07 03:10:23'),(328,1,'admin/home_orders','GET','192.168.10.1','{\"_pjax\":\"#pjax-container\"}','2020-05-07 03:10:27','2020-05-07 03:10:27'),(329,1,'admin/home_orders/1','GET','192.168.10.1','{\"_pjax\":\"#pjax-container\"}','2020-05-07 03:10:31','2020-05-07 03:10:31'),(330,1,'admin/home_orders','GET','192.168.10.1','{\"_pjax\":\"#pjax-container\"}','2020-05-07 03:11:11','2020-05-07 03:11:11'),(331,1,'admin/home_orders/1','GET','192.168.10.1','{\"_pjax\":\"#pjax-container\"}','2020-05-07 03:11:15','2020-05-07 03:11:15'),(332,1,'admin/home_orders/1','GET','192.168.10.1','[]','2020-05-07 03:12:25','2020-05-07 03:12:25'),(333,1,'admin/home_orders/1/expire','POST','192.168.10.1','{\"_token\":\"0DPqWz8JYMWpTPxTchpsIqF3nam6VdDbrGplAE0c\",\"sys_date\":\"2020-05-07\"}','2020-05-07 03:12:31','2020-05-07 03:12:31'),(334,1,'admin/home_orders/1','GET','192.168.10.1','[]','2020-05-07 03:14:09','2020-05-07 03:14:09'),(335,1,'admin/home_orders/1/expire','POST','192.168.10.1','{\"_token\":\"0DPqWz8JYMWpTPxTchpsIqF3nam6VdDbrGplAE0c\",\"sys_date\":\"2020-05-07\"}','2020-05-07 03:14:11','2020-05-07 03:14:11'),(336,1,'admin/home_orders/1','GET','192.168.10.1','[]','2020-05-07 03:16:20','2020-05-07 03:16:20'),(337,1,'admin/home_orders/1/expire','POST','192.168.10.1','{\"_token\":\"0DPqWz8JYMWpTPxTchpsIqF3nam6VdDbrGplAE0c\",\"sys_date\":\"2020-05-07\"}','2020-05-07 03:16:22','2020-05-07 03:16:22'),(338,1,'admin/home_orders/1','GET','192.168.10.1','[]','2020-05-07 03:16:24','2020-05-07 03:16:24'),(339,1,'admin/home_orders/1','GET','192.168.10.1','[]','2020-05-07 03:19:14','2020-05-07 03:19:14'),(340,1,'admin/home_orders','GET','192.168.10.1','[]','2020-05-07 03:19:54','2020-05-07 03:19:54'),(341,1,'admin/home_orders/1','GET','192.168.10.1','{\"_pjax\":\"#pjax-container\"}','2020-05-07 03:19:58','2020-05-07 03:19:58'),(342,1,'admin/home_orders/1/expire','POST','192.168.10.1','{\"_token\":\"0DPqWz8JYMWpTPxTchpsIqF3nam6VdDbrGplAE0c\",\"updated_at\":\"2020-05-07\"}','2020-05-07 03:20:02','2020-05-07 03:20:02'),(343,1,'admin/home_orders/1','GET','192.168.10.1','[]','2020-05-07 03:20:03','2020-05-07 03:20:03'),(344,1,'admin/home_orders/1','GET','192.168.10.1','[]','2020-05-07 03:22:17','2020-05-07 03:22:17'),(345,1,'admin/home_orders','GET','192.168.10.1','{\"_pjax\":\"#pjax-container\"}','2020-05-07 03:22:22','2020-05-07 03:22:22'),(346,1,'admin/auth/menu','GET','192.168.10.1','{\"_pjax\":\"#pjax-container\"}','2020-05-07 03:42:12','2020-05-07 03:42:12'),(347,1,'admin/auth/menu','POST','192.168.10.1','{\"parent_id\":\"0\",\"title\":\"Auto Order Management\",\"icon\":\"fa-dollar\",\"uri\":\"\\/auto_orders\",\"roles\":[null],\"permission\":null,\"_token\":\"0DPqWz8JYMWpTPxTchpsIqF3nam6VdDbrGplAE0c\"}','2020-05-07 03:42:47','2020-05-07 03:42:47'),(348,1,'admin/auth/menu','GET','192.168.10.1','[]','2020-05-07 03:42:48','2020-05-07 03:42:48'),(349,1,'admin/auth/menu','GET','192.168.10.1','[]','2020-05-07 03:42:54','2020-05-07 03:42:54'),(350,1,'admin/auth/menu','POST','192.168.10.1','{\"_token\":\"0DPqWz8JYMWpTPxTchpsIqF3nam6VdDbrGplAE0c\",\"_order\":\"[{\\\"id\\\":1},{\\\"id\\\":8},{\\\"id\\\":9},{\\\"id\\\":10},{\\\"id\\\":11},{\\\"id\\\":2,\\\"children\\\":[{\\\"id\\\":3},{\\\"id\\\":4},{\\\"id\\\":5},{\\\"id\\\":6},{\\\"id\\\":7}]}]\"}','2020-05-07 03:43:00','2020-05-07 03:43:00'),(351,1,'admin/auth/menu','GET','192.168.10.1','{\"_pjax\":\"#pjax-container\"}','2020-05-07 03:43:01','2020-05-07 03:43:01'),(352,1,'admin/auth/menu','POST','192.168.10.1','{\"_token\":\"0DPqWz8JYMWpTPxTchpsIqF3nam6VdDbrGplAE0c\",\"_order\":\"[{\\\"id\\\":1},{\\\"id\\\":8},{\\\"id\\\":9},{\\\"id\\\":10},{\\\"id\\\":11},{\\\"id\\\":2,\\\"children\\\":[{\\\"id\\\":3},{\\\"id\\\":4},{\\\"id\\\":5},{\\\"id\\\":6},{\\\"id\\\":7}]}]\"}','2020-05-07 03:43:07','2020-05-07 03:43:07'),(353,1,'admin/auth/menu','GET','192.168.10.1','{\"_pjax\":\"#pjax-container\"}','2020-05-07 03:43:08','2020-05-07 03:43:08'),(354,1,'admin/auth/menu','GET','192.168.10.1','[]','2020-05-07 03:43:13','2020-05-07 03:43:13'),(355,1,'admin/auto_orders','GET','192.168.10.1','{\"_pjax\":\"#pjax-container\"}','2020-05-07 03:43:20','2020-05-07 03:43:20'),(356,1,'admin/home_orders','GET','192.168.10.1','{\"_pjax\":\"#pjax-container\"}','2020-05-07 03:50:16','2020-05-07 03:50:16'),(357,1,'admin/home_orders/5','GET','192.168.10.1','{\"_pjax\":\"#pjax-container\"}','2020-05-07 03:50:23','2020-05-07 03:50:23'),(358,1,'admin/auto_orders','GET','192.168.10.1','{\"_pjax\":\"#pjax-container\"}','2020-05-07 04:02:42','2020-05-07 04:02:42'),(359,1,'admin/auto_orders','GET','192.168.10.1','[]','2020-05-07 04:02:50','2020-05-07 04:02:50'),(360,1,'admin/auto_orders/2','GET','192.168.10.1','{\"_pjax\":\"#pjax-container\"}','2020-05-07 04:03:53','2020-05-07 04:03:53'),(361,1,'admin/auto_orders/2','GET','192.168.10.1','[]','2020-05-07 04:05:34','2020-05-07 04:05:34'),(362,1,'admin/auto_orders','GET','192.168.10.1','{\"_pjax\":\"#pjax-container\"}','2020-05-07 04:05:47','2020-05-07 04:05:47'),(363,1,'admin/auto_orders/1','GET','192.168.10.1','{\"_pjax\":\"#pjax-container\"}','2020-05-07 04:06:10','2020-05-07 04:06:10'),(364,1,'admin/auto_orders','GET','192.168.10.1','[]','2020-05-07 04:06:32','2020-05-07 04:06:32'),(365,1,'admin/auto_orders','GET','192.168.10.1','[]','2020-05-07 04:06:53','2020-05-07 04:06:53'),(366,1,'admin/auto_orders/2','GET','192.168.10.1','{\"_pjax\":\"#pjax-container\"}','2020-05-07 04:06:57','2020-05-07 04:06:57'),(367,1,'admin/auto_orders','GET','192.168.10.1','[]','2020-05-07 04:07:32','2020-05-07 04:07:32'),(368,1,'admin/auto_orders','GET','192.168.10.1','[]','2020-05-07 04:08:20','2020-05-07 04:08:20'),(369,1,'admin/auto_orders/1','GET','192.168.10.1','{\"_pjax\":\"#pjax-container\"}','2020-05-07 04:08:24','2020-05-07 04:08:24'),(370,1,'admin/auto_orders/1/expire','POST','192.168.10.1','{\"_token\":\"0DPqWz8JYMWpTPxTchpsIqF3nam6VdDbrGplAE0c\",\"updated_at\":\"2020-05-07\"}','2020-05-07 04:08:28','2020-05-07 04:08:28'),(371,1,'admin/auto_orders/1','GET','192.168.10.1','[]','2020-05-07 04:08:29','2020-05-07 04:08:29'),(372,1,'admin/auto_orders','GET','192.168.10.1','{\"_pjax\":\"#pjax-container\"}','2020-05-07 04:08:34','2020-05-07 04:08:34'),(373,1,'admin/auto_orders/1','GET','192.168.10.1','{\"_pjax\":\"#pjax-container\"}','2020-05-07 04:09:03','2020-05-07 04:09:03'),(374,1,'admin/auto_orders','GET','192.168.10.1','{\"_pjax\":\"#pjax-container\"}','2020-05-07 04:09:24','2020-05-07 04:09:24'),(375,1,'admin/home_orders','GET','192.168.10.1','{\"_pjax\":\"#pjax-container\"}','2020-05-07 04:24:06','2020-05-07 04:24:06'),(376,1,'admin/home_orders/5','GET','192.168.10.1','{\"_pjax\":\"#pjax-container\"}','2020-05-07 04:24:12','2020-05-07 04:24:12'),(377,1,'admin/home_orders','GET','192.168.10.1','{\"_pjax\":\"#pjax-container\"}','2020-05-07 04:34:37','2020-05-07 04:34:37'),(378,1,'admin/home_orders/5','GET','192.168.10.1','{\"_pjax\":\"#pjax-container\"}','2020-05-07 04:34:43','2020-05-07 04:34:43'),(379,1,'admin/home_orders','GET','192.168.10.1','{\"_pjax\":\"#pjax-container\"}','2020-05-07 04:35:28','2020-05-07 04:35:28'),(380,1,'admin/home_orders/1','GET','192.168.10.1','{\"_pjax\":\"#pjax-container\"}','2020-05-07 04:35:32','2020-05-07 04:35:32'),(381,1,'admin/home_orders','GET','192.168.10.1','{\"_pjax\":\"#pjax-container\"}','2020-05-07 04:43:31','2020-05-07 04:43:31'),(382,1,'admin/home_orders/create','GET','192.168.10.1','{\"_pjax\":\"#pjax-container\"}','2020-05-07 04:43:33','2020-05-07 04:43:33'),(383,1,'admin/home_orders','GET','192.168.10.1','[]','2020-05-07 04:44:01','2020-05-07 04:44:01'),(384,1,'admin/home_orders','GET','192.168.10.1','{\"_pjax\":\"#pjax-container\"}','2020-05-07 04:45:30','2020-05-07 04:45:30'),(385,1,'admin/home_orders/5/edit','GET','192.168.10.1','{\"_pjax\":\"#pjax-container\"}','2020-05-07 04:45:35','2020-05-07 04:45:35'),(386,1,'admin/home_orders','GET','192.168.10.1','{\"_pjax\":\"#pjax-container\"}','2020-05-07 04:45:56','2020-05-07 04:45:56'),(387,1,'admin/users','GET','192.168.10.1','{\"_pjax\":\"#pjax-container\"}','2020-05-07 04:50:33','2020-05-07 04:50:33'),(388,1,'admin/home_orders','GET','192.168.10.1','{\"_pjax\":\"#pjax-container\"}','2020-05-07 04:54:25','2020-05-07 04:54:25'),(389,1,'admin/auto_orders','GET','192.168.10.1','{\"_pjax\":\"#pjax-container\"}','2020-05-07 04:54:30','2020-05-07 04:54:30'),(390,1,'admin','GET','192.168.10.1','[]','2020-05-07 05:41:59','2020-05-07 05:41:59'),(391,1,'admin','GET','192.168.10.1','{\"_pjax\":\"#pjax-container\"}','2020-05-07 05:42:45','2020-05-07 05:42:45'),(392,1,'admin/home_orders','GET','192.168.10.1','{\"_pjax\":\"#pjax-container\"}','2020-05-07 05:43:06','2020-05-07 05:43:06'),(393,1,'admin/auto_orders','GET','192.168.10.1','{\"_pjax\":\"#pjax-container\"}','2020-05-07 05:43:09','2020-05-07 05:43:09'),(394,1,'admin/auto_orders','GET','192.168.10.1','{\"_pjax\":\"#pjax-container\"}','2020-05-07 05:43:12','2020-05-07 05:43:12'),(395,1,'admin/insurance','GET','192.168.10.1','{\"_pjax\":\"#pjax-container\"}','2020-05-07 05:43:19','2020-05-07 05:43:19'),(396,1,'admin/home_orders','GET','192.168.10.1','{\"_pjax\":\"#pjax-container\"}','2020-05-07 05:43:22','2020-05-07 05:43:22'),(397,1,'admin/insurance','GET','192.168.10.1','{\"_pjax\":\"#pjax-container\"}','2020-05-07 05:43:25','2020-05-07 05:43:25'),(398,1,'admin/home_orders','GET','192.168.10.1','{\"_pjax\":\"#pjax-container\"}','2020-05-07 05:43:28','2020-05-07 05:43:28'),(399,1,'admin/home_orders/5','GET','192.168.10.1','{\"_pjax\":\"#pjax-container\"}','2020-05-07 05:43:35','2020-05-07 05:43:35'),(400,1,'admin/home_orders','GET','192.168.10.1','{\"_pjax\":\"#pjax-container\"}','2020-05-07 05:43:39','2020-05-07 05:43:39'),(401,1,'admin/home_orders/1','GET','192.168.10.1','{\"_pjax\":\"#pjax-container\"}','2020-05-07 05:43:42','2020-05-07 05:43:42'),(402,1,'admin/home_orders','GET','192.168.10.1','{\"_pjax\":\"#pjax-container\"}','2020-05-07 05:43:54','2020-05-07 05:43:54'),(403,1,'admin/insurance','GET','192.168.10.1','{\"_pjax\":\"#pjax-container\"}','2020-05-07 05:44:11','2020-05-07 05:44:11'),(404,1,'admin/users','GET','192.168.10.1','{\"_pjax\":\"#pjax-container\"}','2020-05-07 05:44:12','2020-05-07 05:44:12'),(405,1,'admin/users','GET','192.168.10.1','{\"_columns_\":\"email,id,name\",\"_pjax\":\"#pjax-container\"}','2020-05-07 05:44:47','2020-05-07 05:44:47'),(406,1,'admin','GET','192.168.10.1','{\"_pjax\":\"#pjax-container\"}','2020-05-07 05:45:08','2020-05-07 05:45:08'),(407,1,'admin/users','GET','192.168.10.1','{\"_pjax\":\"#pjax-container\"}','2020-05-07 05:45:26','2020-05-07 05:45:26'),(408,1,'admin/auth/logout','GET','192.168.10.1','{\"_pjax\":\"#pjax-container\"}','2020-05-07 05:55:17','2020-05-07 05:55:17'),(409,1,'admin','GET','192.168.10.1','[]','2020-05-07 05:55:31','2020-05-07 05:55:31'),(410,2,'admin','GET','192.168.10.1','[]','2020-05-07 05:56:26','2020-05-07 05:56:26'),(411,1,'admin/users','GET','192.168.10.1','{\"_pjax\":\"#pjax-container\"}','2020-05-07 06:01:49','2020-05-07 06:01:49'),(412,1,'admin/users','GET','192.168.10.1','{\"_columns_\":\"email,email_verified_at,id,name,password\",\"_pjax\":\"#pjax-container\"}','2020-05-07 06:02:41','2020-05-07 06:02:41'),(413,1,'admin/users','GET','192.168.10.1','{\"_columns_\":\"id,password\",\"_pjax\":\"#pjax-container\"}','2020-05-07 06:02:54','2020-05-07 06:02:54'),(414,1,'admin/users','GET','192.168.10.1','{\"_columns_\":\"id,password\"}','2020-05-07 06:10:18','2020-05-07 06:10:18'),(415,1,'admin/users','GET','192.168.10.1','[]','2020-05-07 06:10:23','2020-05-07 06:10:23'),(416,1,'admin/users','GET','192.168.10.1','[]','2020-05-07 06:10:53','2020-05-07 06:10:53'),(417,1,'admin','GET','192.168.10.1','[]','2020-05-07 06:23:29','2020-05-07 06:23:29'),(418,1,'admin/users','GET','192.168.10.1','{\"_pjax\":\"#pjax-container\"}','2020-05-07 06:23:33','2020-05-07 06:23:33'),(419,1,'admin/users/create','GET','192.168.10.1','[]','2020-05-07 06:23:37','2020-05-07 06:23:37'),(420,1,'admin/users','POST','192.168.10.1','{\"name\":\"sad\",\"email\":\"hafdh@dsad.com\",\"email_verified_at\":null,\"password\":\"99999999\",\"remember_token\":null,\"first_name\":\"sadda\",\"last_name\":\"gfhssh\",\"gender\":null,\"state\":\"dfg\",\"city\":\"gsdsh\",\"street\":\"shdhsdjh\",\"zipcode\":\"12345\",\"phone\":\"0123456789_\",\"marital_status\":\"S\",\"_token\":\"7AtpSTm7DV825QdiwiYZ5nnAQZMsbCaxKpXAqmEN\",\"_previous_\":\"http:\\/\\/insurance.test\\/admin\\/users\"}','2020-05-07 06:24:44','2020-05-07 06:24:44'),(421,1,'admin/users','GET','192.168.10.1','[]','2020-05-07 06:24:45','2020-05-07 06:24:45'),(422,1,'admin/_handle_action_','POST','192.168.10.1','{\"_key\":\"8\",\"_model\":\"App_Models_User\",\"_token\":\"7AtpSTm7DV825QdiwiYZ5nnAQZMsbCaxKpXAqmEN\",\"_action\":\"Encore_Admin_Grid_Actions_Delete\",\"_input\":\"true\"}','2020-05-07 06:25:25','2020-05-07 06:25:25'),(423,1,'admin/users','GET','192.168.10.1','{\"_pjax\":\"#pjax-container\"}','2020-05-07 06:25:27','2020-05-07 06:25:27'),(424,1,'admin','GET','192.168.10.1','[]','2020-05-07 06:34:13','2020-05-07 06:34:13'),(425,1,'admin/users','GET','192.168.10.1','{\"_pjax\":\"#pjax-container\"}','2020-05-07 06:34:18','2020-05-07 06:34:18'),(426,1,'admin/users','GET','192.168.10.1','[]','2020-05-07 06:38:52','2020-05-07 06:38:52'),(427,1,'admin/users/2/edit','GET','192.168.10.1','{\"_pjax\":\"#pjax-container\"}','2020-05-07 06:38:58','2020-05-07 06:38:58'),(428,1,'admin/users','GET','192.168.10.1','{\"_pjax\":\"#pjax-container\"}','2020-05-07 06:39:07','2020-05-07 06:39:07'),(429,1,'admin/home_orders','GET','192.168.10.1','{\"_pjax\":\"#pjax-container\"}','2020-05-07 06:40:23','2020-05-07 06:40:23'),(430,1,'admin/auto_orders','GET','192.168.10.1','{\"_pjax\":\"#pjax-container\"}','2020-05-07 06:40:30','2020-05-07 06:40:30'),(431,1,'admin/auto_orders','GET','192.168.10.1','{\"_pjax\":\"#pjax-container\"}','2020-05-07 06:40:34','2020-05-07 06:40:34'),(432,1,'admin/home_orders','GET','192.168.10.1','{\"_pjax\":\"#pjax-container\"}','2020-05-07 06:40:37','2020-05-07 06:40:37'),(433,1,'admin','GET','192.168.10.1','{\"_pjax\":\"#pjax-container\"}','2020-05-07 06:40:41','2020-05-07 06:40:41'),(434,1,'admin/users','GET','192.168.10.1','{\"_pjax\":\"#pjax-container\"}','2020-05-07 06:40:41','2020-05-07 06:40:41'),(435,1,'admin/users/7/edit','GET','192.168.10.1','[]','2020-05-07 06:41:00','2020-05-07 06:41:00'),(436,1,'admin/users/7','GET','192.168.10.1','{\"_pjax\":\"#pjax-container\"}','2020-05-07 06:43:41','2020-05-07 06:43:41'),(437,1,'admin/users','GET','192.168.10.1','{\"_pjax\":\"#pjax-container\"}','2020-05-07 06:45:02','2020-05-07 06:45:02'),(438,1,'admin/users/6','GET','192.168.10.1','[]','2020-05-07 06:45:07','2020-05-07 06:45:07'),(439,1,'admin/users/4','GET','192.168.10.1','[]','2020-05-07 06:45:09','2020-05-07 06:45:09'),(440,1,'admin/users','GET','192.168.10.1','[]','2020-05-07 06:46:19','2020-05-07 06:46:19'),(441,1,'admin/users/7','GET','192.168.10.1','[]','2020-05-07 06:46:25','2020-05-07 06:46:25'),(442,1,'admin/users/7','GET','192.168.10.1','[]','2020-05-07 06:48:46','2020-05-07 06:48:46'),(443,1,'admin/users','GET','192.168.10.1','[]','2020-05-07 06:48:55','2020-05-07 06:48:55'),(444,1,'admin/users/7','GET','192.168.10.1','[]','2020-05-07 06:49:00','2020-05-07 06:49:00'),(445,1,'admin/users/7','GET','192.168.10.1','[]','2020-05-07 07:00:26','2020-05-07 07:00:26'),(446,1,'admin/users/7/edit','GET','192.168.10.1','{\"_pjax\":\"#pjax-container\"}','2020-05-07 07:09:22','2020-05-07 07:09:22'),(447,1,'admin/users/7','GET','192.168.10.1','{\"_pjax\":\"#pjax-container\"}','2020-05-07 07:09:29','2020-05-07 07:09:29'),(448,1,'admin/users/2','GET','192.168.10.1','[]','2020-05-07 07:09:43','2020-05-07 07:09:43'),(449,1,'admin/users/2/edit','GET','192.168.10.1','[]','2020-05-07 07:09:50','2020-05-07 07:09:50'),(450,1,'admin/users/2','PUT','192.168.10.1','{\"name\":\"qqqqqqq\",\"email\":\"dsad@sad.com\",\"email_verified_at\":\"2020-05-07 07:09:50\",\"password\":null,\"remember_token\":null,\"first_name\":\"lkjafdlk\",\"last_name\":\"dslakjld\",\"gender\":\"M\",\"state\":\"NY\",\"city\":\"slkjd\",\"street\":\"salkdjaslkj\",\"zipcode\":\"11201\",\"phone\":\"1234567891_\",\"marital_status\":\"M\",\"_token\":\"7AtpSTm7DV825QdiwiYZ5nnAQZMsbCaxKpXAqmEN\",\"_method\":\"PUT\",\"_previous_\":\"http:\\/\\/insurance.test\\/admin\\/users\"}','2020-05-07 07:10:21','2020-05-07 07:10:21'),(451,1,'admin/users/2/edit','GET','192.168.10.1','[]','2020-05-07 07:10:59','2020-05-07 07:10:59'),(452,1,'admin/users/2/edit','GET','192.168.10.1','{\"_pjax\":\"#pjax-container\"}','2020-05-07 07:11:43','2020-05-07 07:11:43'),(453,1,'admin/users/2','PUT','192.168.10.1','{\"name\":\"QQQQQQ\",\"email\":\"dsad@sad.com\",\"first_name\":\"lkjafdlk\",\"last_name\":\"dslakjld\",\"gender\":\"M\",\"state\":\"NY\",\"city\":\"slkjd\",\"street\":\"salkdjaslkj\",\"zipcode\":\"11201\",\"phone\":\"1234567891_\",\"marital_status\":\"M\",\"_token\":\"7AtpSTm7DV825QdiwiYZ5nnAQZMsbCaxKpXAqmEN\",\"_method\":\"PUT\",\"_previous_\":\"http:\\/\\/insurance.test\\/admin\\/users\"}','2020-05-07 07:12:04','2020-05-07 07:12:04'),(454,1,'admin/users','GET','192.168.10.1','[]','2020-05-07 07:12:05','2020-05-07 07:12:05'),(455,1,'admin/users/2','GET','192.168.10.1','[]','2020-05-07 07:12:12','2020-05-07 07:12:12'),(456,1,'admin/users/create','GET','192.168.10.1','[]','2020-05-07 07:14:42','2020-05-07 07:14:42'),(457,1,'admin/users/create','GET','192.168.10.1','{\"_pjax\":\"#pjax-container\"}','2020-05-07 07:14:50','2020-05-07 07:14:50'),(458,1,'admin/users','GET','192.168.10.1','[]','2020-05-07 07:14:51','2020-05-07 07:14:51'),(459,1,'admin/insurance','GET','192.168.10.1','{\"_pjax\":\"#pjax-container\"}','2020-05-07 07:17:44','2020-05-07 07:17:44'),(460,1,'admin/insurance/create','GET','192.168.10.1','{\"_pjax\":\"#pjax-container\"}','2020-05-07 07:17:47','2020-05-07 07:17:47'),(461,1,'admin/users','GET','192.168.10.1','{\"_pjax\":\"#pjax-container\"}','2020-05-07 07:17:51','2020-05-07 07:17:51'),(462,1,'admin/users/create','GET','192.168.10.1','{\"_pjax\":\"#pjax-container\"}','2020-05-07 07:17:56','2020-05-07 07:17:56'),(463,1,'admin/users','GET','192.168.10.1','[]','2020-05-07 07:17:57','2020-05-07 07:17:57'),(464,1,'admin/users/create','GET','192.168.10.1','{\"_pjax\":\"#pjax-container\"}','2020-05-07 07:18:31','2020-05-07 07:18:31'),(465,1,'admin/users','GET','192.168.10.1','[]','2020-05-07 07:18:31','2020-05-07 07:18:31'),(466,1,'admin/users','GET','192.168.10.1','[]','2020-05-07 07:18:36','2020-05-07 07:18:36'),(467,1,'admin/users/create','GET','192.168.10.1','{\"_pjax\":\"#pjax-container\"}','2020-05-07 07:18:44','2020-05-07 07:18:44'),(468,1,'admin/users','GET','192.168.10.1','[]','2020-05-07 07:18:44','2020-05-07 07:18:44'),(469,1,'admin/users/2','GET','192.168.10.1','{\"_pjax\":\"#pjax-container\"}','2020-05-07 07:18:51','2020-05-07 07:18:51'),(470,1,'admin/users/create','GET','192.168.10.1','{\"_pjax\":\"#pjax-container\"}','2020-05-07 07:19:41','2020-05-07 07:19:41'),(471,1,'admin/users/2','GET','192.168.10.1','[]','2020-05-07 07:19:42','2020-05-07 07:19:42'),(472,1,'admin/users','GET','192.168.10.1','[]','2020-05-07 07:19:54','2020-05-07 07:19:54'),(473,1,'admin/users/create','GET','192.168.10.1','[]','2020-05-07 07:19:58','2020-05-07 07:19:58'),(474,1,'admin/users/create','GET','192.168.10.1','[]','2020-05-07 07:20:02','2020-05-07 07:20:02'),(475,1,'admin/users/create','GET','192.168.10.1','{\"_pjax\":\"#pjax-container\"}','2020-05-07 07:20:07','2020-05-07 07:20:07'),(476,1,'admin/users','GET','192.168.10.1','[]','2020-05-07 07:20:08','2020-05-07 07:20:08'),(477,1,'admin/users','GET','192.168.10.1','[]','2020-05-07 07:20:41','2020-05-07 07:20:41'),(478,1,'admin/users/create','GET','192.168.10.1','[]','2020-05-07 07:20:44','2020-05-07 07:20:44'),(479,1,'admin/users/create','GET','192.168.10.1','{\"_pjax\":\"#pjax-container\"}','2020-05-07 07:20:48','2020-05-07 07:20:48'),(480,1,'admin/users','GET','192.168.10.1','[]','2020-05-07 07:20:50','2020-05-07 07:20:50'),(481,1,'admin/users/2/edit','GET','192.168.10.1','[]','2020-05-07 07:23:18','2020-05-07 07:23:18'),(482,1,'admin/users/2','GET','192.168.10.1','[]','2020-05-07 07:23:20','2020-05-07 07:23:20'),(483,1,'admin/users/2','GET','192.168.10.1','[]','2020-05-07 07:25:28','2020-05-07 07:25:28'),(484,1,'admin/users/2/edit','GET','192.168.10.1','[]','2020-05-07 07:25:29','2020-05-07 07:25:29'),(485,1,'admin/users/create','GET','192.168.10.1','[]','2020-05-07 07:25:57','2020-05-07 07:25:57'),(486,1,'admin/users/create','GET','192.168.10.1','{\"_pjax\":\"#pjax-container\"}','2020-05-07 07:26:09','2020-05-07 07:26:09'),(487,1,'admin/users','GET','192.168.10.1','[]','2020-05-07 07:26:09','2020-05-07 07:26:09'),(488,1,'admin/users','GET','192.168.10.1','[]','2020-05-07 07:31:42','2020-05-07 07:31:42'),(489,1,'admin/users/2','GET','192.168.10.1','{\"_pjax\":\"#pjax-container\"}','2020-05-07 07:31:48','2020-05-07 07:31:48'),(490,1,'admin/users','GET','192.168.10.1','{\"_pjax\":\"#pjax-container\"}','2020-05-07 07:31:53','2020-05-07 07:31:53'),(491,1,'admin/users/2/edit','GET','192.168.10.1','{\"_pjax\":\"#pjax-container\"}','2020-05-07 07:31:56','2020-05-07 07:31:56'),(492,1,'admin/users','GET','192.168.10.1','{\"_pjax\":\"#pjax-container\"}','2020-05-07 07:32:03','2020-05-07 07:32:03'),(493,1,'admin/users/2','GET','192.168.10.1','{\"_pjax\":\"#pjax-container\"}','2020-05-07 07:32:05','2020-05-07 07:32:05'),(494,1,'admin','GET','192.168.10.1','{\"_pjax\":\"#pjax-container\"}','2020-05-07 07:32:49','2020-05-07 07:32:49'),(495,1,'admin','GET','192.168.10.1','{\"_pjax\":\"#pjax-container\"}','2020-05-07 07:33:02','2020-05-07 07:33:02'),(496,1,'admin/users','GET','192.168.10.1','{\"_pjax\":\"#pjax-container\"}','2020-05-07 07:33:05','2020-05-07 07:33:05'),(497,1,'admin/insurance','GET','192.168.10.1','{\"_pjax\":\"#pjax-container\"}','2020-05-07 07:33:13','2020-05-07 07:33:13'),(498,1,'admin/home_orders','GET','192.168.10.1','{\"_pjax\":\"#pjax-container\"}','2020-05-07 07:33:14','2020-05-07 07:33:14'),(499,1,'admin/home_orders/5','GET','192.168.10.1','{\"_pjax\":\"#pjax-container\"}','2020-05-07 07:33:23','2020-05-07 07:33:23'),(500,1,'admin/home_orders','GET','192.168.10.1','{\"_pjax\":\"#pjax-container\"}','2020-05-07 07:33:32','2020-05-07 07:33:32'),(501,1,'admin/home_orders/1/edit','GET','192.168.10.1','{\"_pjax\":\"#pjax-container\"}','2020-05-07 07:33:36','2020-05-07 07:33:36'),(502,1,'admin/home_orders','GET','192.168.10.1','{\"_pjax\":\"#pjax-container\"}','2020-05-07 07:33:44','2020-05-07 07:33:44'),(503,1,'admin/home_orders/1','GET','192.168.10.1','{\"_pjax\":\"#pjax-container\"}','2020-05-07 07:33:48','2020-05-07 07:33:48'),(504,1,'admin/insurance','GET','192.168.10.1','{\"_pjax\":\"#pjax-container\"}','2020-05-07 07:33:51','2020-05-07 07:33:51'),(505,1,'admin/insurance/7/edit','GET','192.168.10.1','{\"_pjax\":\"#pjax-container\"}','2020-05-07 07:34:07','2020-05-07 07:34:07'),(506,1,'admin/insurance','GET','192.168.10.1','{\"_pjax\":\"#pjax-container\"}','2020-05-07 07:34:10','2020-05-07 07:34:10'),(507,1,'admin/insurance','GET','192.168.10.1','[]','2020-05-07 07:34:58','2020-05-07 07:34:58'),(508,1,'admin/insurance/create','GET','192.168.10.1','{\"_pjax\":\"#pjax-container\"}','2020-05-07 07:35:03','2020-05-07 07:35:03'),(509,1,'admin/insurance','POST','192.168.10.1','{\"title\":\"vcbxb\",\"description\":\"<p>gdfssgf<\\/p>\",\"is_home\":\"1\",\"price\":\"6531\",\"_token\":\"7AtpSTm7DV825QdiwiYZ5nnAQZMsbCaxKpXAqmEN\",\"_previous_\":\"http:\\/\\/insurance.test\\/admin\\/insurance\"}','2020-05-07 07:35:12','2020-05-07 07:35:12'),(510,1,'admin/insurance','GET','192.168.10.1','[]','2020-05-07 07:35:13','2020-05-07 07:35:13'),(511,1,'admin/insurance/13/edit','GET','192.168.10.1','{\"_pjax\":\"#pjax-container\"}','2020-05-07 07:35:21','2020-05-07 07:35:21'),(512,1,'admin/insurance/13','PUT','192.168.10.1','{\"title\":\"1111111\",\"description\":\"<p>gdfssgf<\\/p>\",\"is_home\":\"1\",\"price\":\"6531.00\",\"_token\":\"7AtpSTm7DV825QdiwiYZ5nnAQZMsbCaxKpXAqmEN\",\"_method\":\"PUT\",\"_previous_\":\"http:\\/\\/insurance.test\\/admin\\/insurance\"}','2020-05-07 07:35:26','2020-05-07 07:35:26'),(513,1,'admin/insurance','GET','192.168.10.1','[]','2020-05-07 07:35:27','2020-05-07 07:35:27'),(514,1,'admin/_handle_action_','POST','192.168.10.1','{\"_key\":\"13\",\"_model\":\"App_Models_Insurance\",\"_token\":\"7AtpSTm7DV825QdiwiYZ5nnAQZMsbCaxKpXAqmEN\",\"_action\":\"Encore_Admin_Grid_Actions_Delete\",\"_input\":\"true\"}','2020-05-07 07:35:37','2020-05-07 07:35:37'),(515,1,'admin/insurance','GET','192.168.10.1','{\"_pjax\":\"#pjax-container\"}','2020-05-07 07:35:37','2020-05-07 07:35:37'),(516,1,'admin/users','GET','192.168.10.1','{\"_pjax\":\"#pjax-container\"}','2020-05-07 07:35:45','2020-05-07 07:35:45'),(517,1,'admin/auto_orders','GET','192.168.10.1','{\"_pjax\":\"#pjax-container\"}','2020-05-07 07:35:54','2020-05-07 07:35:54'),(518,1,'admin/insurance','GET','192.168.10.1','{\"_pjax\":\"#pjax-container\"}','2020-05-07 07:36:00','2020-05-07 07:36:00'),(519,1,'admin/users','GET','192.168.10.1','{\"_pjax\":\"#pjax-container\"}','2020-05-07 07:36:04','2020-05-07 07:36:04'),(520,1,'admin/home_orders','GET','192.168.10.1','{\"_pjax\":\"#pjax-container\"}','2020-05-07 07:36:07','2020-05-07 07:36:07'),(521,1,'admin/auth/menu','GET','192.168.10.1','{\"_pjax\":\"#pjax-container\"}','2020-05-07 07:36:16','2020-05-07 07:36:16'),(522,1,'admin/auth/menu/11/edit','GET','192.168.10.1','{\"_pjax\":\"#pjax-container\"}','2020-05-07 07:36:25','2020-05-07 07:36:25'),(523,1,'admin/auth/menu','GET','192.168.10.1','{\"_pjax\":\"#pjax-container\"}','2020-05-07 07:36:35','2020-05-07 07:36:35'),(524,1,'admin/auth/menu/8/edit','GET','192.168.10.1','{\"_pjax\":\"#pjax-container\"}','2020-05-07 07:36:43','2020-05-07 07:36:43'),(525,1,'admin/auth/menu','GET','192.168.10.1','{\"_pjax\":\"#pjax-container\"}','2020-05-07 07:37:01','2020-05-07 07:37:01'),(526,1,'admin/home_orders','GET','192.168.10.1','{\"_pjax\":\"#pjax-container\"}','2020-05-07 07:38:12','2020-05-07 07:38:12'),(527,1,'admin/insurance','GET','192.168.10.1','{\"_pjax\":\"#pjax-container\"}','2020-05-07 07:38:17','2020-05-07 07:38:17'),(528,1,'admin/users','GET','192.168.10.1','{\"_pjax\":\"#pjax-container\"}','2020-05-07 07:38:58','2020-05-07 07:38:58'),(529,1,'admin/users','GET','192.168.10.1','{\"_pjax\":\"#pjax-container\"}','2020-05-07 07:39:16','2020-05-07 07:39:16'),(530,1,'admin/insurance','GET','192.168.10.1','{\"_pjax\":\"#pjax-container\"}','2020-05-07 07:39:20','2020-05-07 07:39:20'),(531,1,'admin/insurance/create','GET','192.168.10.1','{\"_pjax\":\"#pjax-container\"}','2020-05-07 07:39:29','2020-05-07 07:39:29'),(532,1,'admin/insurance','POST','192.168.10.1','{\"title\":\"cvxcv\",\"description\":\"<p>cxvxcvxcvxcv<\\/p>\",\"is_home\":\"0\",\"price\":\"6060\",\"_token\":\"7AtpSTm7DV825QdiwiYZ5nnAQZMsbCaxKpXAqmEN\",\"_previous_\":\"http:\\/\\/insurance.test\\/admin\\/insurance\"}','2020-05-07 07:39:39','2020-05-07 07:39:39'),(533,1,'admin/insurance','GET','192.168.10.1','[]','2020-05-07 07:39:39','2020-05-07 07:39:39'),(534,1,'admin/_handle_action_','POST','192.168.10.1','{\"_key\":\"14\",\"_model\":\"App_Models_Insurance\",\"_token\":\"7AtpSTm7DV825QdiwiYZ5nnAQZMsbCaxKpXAqmEN\",\"_action\":\"Encore_Admin_Grid_Actions_Delete\",\"_input\":\"true\"}','2020-05-07 07:39:45','2020-05-07 07:39:45'),(535,1,'admin/insurance','GET','192.168.10.1','{\"_pjax\":\"#pjax-container\"}','2020-05-07 07:39:46','2020-05-07 07:39:46'),(536,1,'admin','GET','192.168.10.1','{\"_pjax\":\"#pjax-container\"}','2020-05-07 07:39:51','2020-05-07 07:39:51'),(537,1,'admin/users','GET','192.168.10.1','{\"_pjax\":\"#pjax-container\"}','2020-05-07 07:39:51','2020-05-07 07:39:51'),(538,1,'admin/insurance','GET','192.168.10.1','{\"_pjax\":\"#pjax-container\"}','2020-05-07 07:40:22','2020-05-07 07:40:22'),(539,1,'admin/home_orders','GET','192.168.10.1','{\"_pjax\":\"#pjax-container\"}','2020-05-07 07:40:32','2020-05-07 07:40:32'),(540,1,'admin/auto_orders','GET','192.168.10.1','{\"_pjax\":\"#pjax-container\"}','2020-05-07 07:40:39','2020-05-07 07:40:39'),(541,1,'admin/users','GET','192.168.10.1','{\"_pjax\":\"#pjax-container\"}','2020-05-07 07:40:41','2020-05-07 07:40:41'),(542,1,'admin/insurance','GET','192.168.10.1','{\"_pjax\":\"#pjax-container\"}','2020-05-07 07:40:43','2020-05-07 07:40:43'),(543,1,'admin/users','GET','192.168.10.1','{\"_pjax\":\"#pjax-container\"}','2020-05-07 07:40:54','2020-05-07 07:40:54'),(544,1,'admin/users/2','GET','192.168.10.1','[]','2020-05-07 07:41:08','2020-05-07 07:41:08'),(545,1,'admin/users','GET','192.168.10.1','[]','2020-05-07 07:56:01','2020-05-07 07:56:01'),(546,1,'admin/users/2/edit','GET','192.168.10.1','{\"_pjax\":\"#pjax-container\"}','2020-05-07 07:56:04','2020-05-07 07:56:04'),(547,1,'admin/insurance','GET','192.168.10.1','{\"_pjax\":\"#pjax-container\"}','2020-05-07 08:04:31','2020-05-07 08:04:31'),(548,1,'admin','GET','192.168.10.1','{\"_pjax\":\"#pjax-container\"}','2020-05-07 08:05:25','2020-05-07 08:05:25'),(549,1,'admin/users','GET','192.168.10.1','{\"_pjax\":\"#pjax-container\"}','2020-05-07 08:05:27','2020-05-07 08:05:27'),(550,1,'admin/users/2','GET','192.168.10.1','{\"_pjax\":\"#pjax-container\"}','2020-05-07 08:05:49','2020-05-07 08:05:49'),(551,1,'admin/users','GET','192.168.10.1','{\"_pjax\":\"#pjax-container\"}','2020-05-07 08:06:10','2020-05-07 08:06:10'),(552,1,'admin/insurance','GET','192.168.10.1','{\"_pjax\":\"#pjax-container\"}','2020-05-07 08:14:55','2020-05-07 08:14:55'),(553,1,'admin/home_orders','GET','192.168.10.1','{\"_pjax\":\"#pjax-container\"}','2020-05-07 08:16:00','2020-05-07 08:16:00'),(554,1,'admin/insurance','GET','192.168.10.1','{\"_pjax\":\"#pjax-container\"}','2020-05-07 08:18:17','2020-05-07 08:18:17'),(555,1,'admin/home_orders','GET','192.168.10.1','{\"_pjax\":\"#pjax-container\"}','2020-05-07 08:55:53','2020-05-07 08:55:53'),(556,1,'admin/home_orders/6/edit','GET','192.168.10.1','{\"_pjax\":\"#pjax-container\"}','2020-05-07 08:55:57','2020-05-07 08:55:57'),(557,1,'admin/home_orders','GET','192.168.10.1','{\"_pjax\":\"#pjax-container\"}','2020-05-07 08:56:01','2020-05-07 08:56:01'),(558,1,'admin/home_orders/6','GET','192.168.10.1','{\"_pjax\":\"#pjax-container\"}','2020-05-07 08:56:06','2020-05-07 08:56:06'),(559,1,'admin/home_orders','GET','192.168.10.1','[]','2020-05-07 08:56:51','2020-05-07 08:56:51'),(560,1,'admin/home_orders/6','GET','192.168.10.1','{\"_pjax\":\"#pjax-container\"}','2020-05-07 08:58:14','2020-05-07 08:58:14'),(561,1,'admin/home_orders/6/edit','GET','192.168.10.1','{\"_pjax\":\"#pjax-container\"}','2020-05-07 08:58:52','2020-05-07 08:58:52'),(562,1,'admin/home_orders','GET','192.168.10.1','{\"_pjax\":\"#pjax-container\"}','2020-05-07 08:59:02','2020-05-07 08:59:02'),(563,1,'admin/home_orders/6','GET','192.168.10.1','{\"_pjax\":\"#pjax-container\"}','2020-05-07 08:59:06','2020-05-07 08:59:06'),(564,1,'admin/auto_orders','GET','192.168.10.1','[]','2020-05-07 08:59:18','2020-05-07 08:59:18'),(565,1,'admin/auto_orders/2','GET','192.168.10.1','{\"_pjax\":\"#pjax-container\"}','2020-05-07 08:59:25','2020-05-07 08:59:25'),(566,1,'admin/home_orders/1','GET','192.168.10.1','{\"_pjax\":\"#pjax-container\"}','2020-05-07 08:59:31','2020-05-07 08:59:31'),(567,1,'admin/home_orders','GET','192.168.10.1','{\"_pjax\":\"#pjax-container\"}','2020-05-07 08:59:37','2020-05-07 08:59:37'),(568,1,'admin/home_orders/1','GET','192.168.10.1','{\"_pjax\":\"#pjax-container\"}','2020-05-07 08:59:42','2020-05-07 08:59:42'),(569,1,'admin/home_orders','GET','192.168.10.1','{\"_pjax\":\"#pjax-container\"}','2020-05-07 08:59:46','2020-05-07 08:59:46'),(570,1,'admin/home_orders/5','GET','192.168.10.1','{\"_pjax\":\"#pjax-container\"}','2020-05-07 08:59:50','2020-05-07 08:59:50'),(571,1,'admin/home_orders','GET','192.168.10.1','{\"_pjax\":\"#pjax-container\"}','2020-05-07 08:59:56','2020-05-07 08:59:56'),(572,1,'admin/home_orders/6','GET','192.168.10.1','{\"_pjax\":\"#pjax-container\"}','2020-05-07 09:00:02','2020-05-07 09:00:02'),(573,1,'admin/home_orders','GET','192.168.10.1','[]','2020-05-07 09:00:53','2020-05-07 09:00:53'),(574,1,'admin/home_orders/5','GET','192.168.10.1','{\"_pjax\":\"#pjax-container\"}','2020-05-07 09:01:03','2020-05-07 09:01:03'),(575,1,'admin/home_orders','GET','192.168.10.1','{\"_pjax\":\"#pjax-container\"}','2020-05-07 09:01:08','2020-05-07 09:01:08'),(576,1,'admin/auto_orders','GET','192.168.10.1','{\"_pjax\":\"#pjax-container\"}','2020-05-07 09:01:19','2020-05-07 09:01:19'),(577,1,'admin/auto_orders/3','GET','192.168.10.1','{\"_pjax\":\"#pjax-container\"}','2020-05-07 09:01:24','2020-05-07 09:01:24'),(578,1,'admin/auto_orders','GET','192.168.10.1','{\"_pjax\":\"#pjax-container\"}','2020-05-07 09:01:29','2020-05-07 09:01:29'),(579,1,'admin/home_orders','GET','192.168.10.1','{\"_pjax\":\"#pjax-container\"}','2020-05-07 09:03:01','2020-05-07 09:03:01'),(580,1,'admin/home_orders','GET','192.168.10.1','{\"_pjax\":\"#pjax-container\"}','2020-05-07 09:03:03','2020-05-07 09:03:03'),(581,1,'admin/auto_orders','GET','192.168.10.1','{\"_pjax\":\"#pjax-container\"}','2020-05-07 09:03:04','2020-05-07 09:03:04'),(582,1,'admin/home_orders','GET','192.168.10.1','{\"_pjax\":\"#pjax-container\"}','2020-05-07 09:03:09','2020-05-07 09:03:09'),(583,1,'admin/auto_orders','GET','192.168.10.1','{\"_pjax\":\"#pjax-container\"}','2020-05-07 09:03:17','2020-05-07 09:03:17'),(584,1,'admin/auto_orders/3','GET','192.168.10.1','{\"_pjax\":\"#pjax-container\"}','2020-05-07 09:03:24','2020-05-07 09:03:24'),(585,1,'admin/auto_orders','GET','192.168.10.1','{\"_pjax\":\"#pjax-container\"}','2020-05-07 09:03:27','2020-05-07 09:03:27'),(586,1,'admin/home_orders','GET','192.168.10.1','{\"_pjax\":\"#pjax-container\"}','2020-05-07 09:03:30','2020-05-07 09:03:30'),(587,1,'admin/home_orders/7','GET','192.168.10.1','{\"_pjax\":\"#pjax-container\"}','2020-05-07 09:03:43','2020-05-07 09:03:43'),(588,1,'admin/home_orders','GET','192.168.10.1','{\"_pjax\":\"#pjax-container\"}','2020-05-07 09:03:46','2020-05-07 09:03:46'),(589,1,'admin/home_orders/6','GET','192.168.10.1','{\"_pjax\":\"#pjax-container\"}','2020-05-07 09:03:49','2020-05-07 09:03:49'),(590,1,'admin/_handle_action_','POST','192.168.10.1','{\"_key\":\"6\",\"_model\":\"App_Models_HomeOrder\",\"_token\":\"7AtpSTm7DV825QdiwiYZ5nnAQZMsbCaxKpXAqmEN\",\"_action\":\"Encore_Admin_Grid_Actions_Delete\",\"_input\":\"true\"}','2020-05-07 09:04:03','2020-05-07 09:04:03'),(591,1,'admin/home_orders/6','GET','192.168.10.1','{\"_pjax\":\"#pjax-container\"}','2020-05-07 09:04:05','2020-05-07 09:04:05'),(592,1,'admin/home_orders/6','GET','192.168.10.1','[]','2020-05-07 09:04:52','2020-05-07 09:04:52'),(593,1,'admin/home_orders/6','GET','192.168.10.1','[]','2020-05-07 09:05:38','2020-05-07 09:05:38'),(594,1,'admin/home_orders/6','GET','192.168.10.1','[]','2020-05-07 09:06:43','2020-05-07 09:06:43'),(595,1,'admin/home_orders/6','GET','192.168.10.1','[]','2020-05-07 09:07:47','2020-05-07 09:07:47'),(596,1,'admin/home_orders/6','GET','192.168.10.1','[]','2020-05-07 09:08:53','2020-05-07 09:08:53'),(597,1,'admin/home_orders/6','GET','192.168.10.1','[]','2020-05-07 09:09:57','2020-05-07 09:09:57'),(598,1,'admin/home_orders/6','GET','192.168.10.1','[]','2020-05-07 09:11:01','2020-05-07 09:11:01'),(599,1,'admin/home_orders','GET','192.168.10.1','[]','2020-05-07 09:11:01','2020-05-07 09:11:01'),(600,1,'admin/home_orders/7','GET','192.168.10.1','{\"_pjax\":\"#pjax-container\"}','2020-05-07 09:11:19','2020-05-07 09:11:19'),(601,1,'admin/home_orders','GET','192.168.10.1','{\"_pjax\":\"#pjax-container\"}','2020-05-07 09:11:35','2020-05-07 09:11:35'),(602,1,'admin/home_orders','GET','192.168.10.1','[]','2020-05-07 09:11:42','2020-05-07 09:11:42'),(603,1,'admin/home_orders/6','GET','192.168.10.1','[]','2020-05-07 09:12:04','2020-05-07 09:12:04'),(604,1,'admin/home_orders/6','GET','192.168.10.1','[]','2020-05-07 09:13:08','2020-05-07 09:13:08'),(605,1,'admin/home_orders/6','GET','192.168.10.1','[]','2020-05-07 09:14:14','2020-05-07 09:14:14'),(606,1,'admin/home_orders/6','GET','192.168.10.1','[]','2020-05-07 09:15:17','2020-05-07 09:15:17'),(607,1,'admin/home_orders','GET','192.168.10.1','[]','2020-05-07 09:15:35','2020-05-07 09:15:35'),(608,1,'admin/home_orders/6','GET','192.168.10.1','[]','2020-05-07 09:16:23','2020-05-07 09:16:23'),(609,1,'admin/home_orders','GET','192.168.10.1','[]','2020-05-07 09:16:53','2020-05-07 09:16:53'),(610,1,'admin/home_orders','GET','192.168.10.1','[]','2020-05-07 09:17:11','2020-05-07 09:17:11'),(611,1,'admin/home_orders','GET','192.168.10.1','[]','2020-05-07 09:17:20','2020-05-07 09:17:20'),(612,1,'admin/auto_orders','GET','192.168.10.1','[]','2020-05-07 09:17:26','2020-05-07 09:17:26'),(613,1,'admin/home_orders/6','GET','192.168.10.1','[]','2020-05-07 09:17:26','2020-05-07 09:17:26'),(614,1,'admin/auto_orders','GET','192.168.10.1','[]','2020-05-07 09:17:41','2020-05-07 09:17:41'),(615,1,'admin/home_orders','GET','192.168.10.1','[]','2020-05-07 09:18:11','2020-05-07 09:18:11'),(616,1,'admin/home_orders','GET','192.168.10.1','[]','2020-05-07 09:18:15','2020-05-07 09:18:15'),(617,1,'admin/home_orders','GET','192.168.10.1','[]','2020-05-07 09:18:21','2020-05-07 09:18:21'),(618,1,'admin/home_orders','GET','192.168.10.1','[]','2020-05-07 09:19:07','2020-05-07 09:19:07'),(619,1,'admin/auto_orders','GET','192.168.10.1','[]','2020-05-07 09:19:15','2020-05-07 09:19:15'),(620,1,'admin/auto_orders','GET','192.168.10.1','[]','2020-05-07 09:19:20','2020-05-07 09:19:20'),(621,1,'admin/auto_orders','GET','192.168.10.1','[]','2020-05-07 09:19:27','2020-05-07 09:19:27'),(622,1,'admin/auto_orders','GET','192.168.10.1','[]','2020-05-07 09:19:30','2020-05-07 09:19:30'),(623,1,'admin/auto_orders','GET','192.168.10.1','[]','2020-05-07 09:19:36','2020-05-07 09:19:36'),(624,1,'admin/home_orders','GET','192.168.10.1','[]','2020-05-07 09:21:15','2020-05-07 09:21:15'),(625,1,'admin/auth/permissions','GET','192.168.10.1','{\"_pjax\":\"#pjax-container\"}','2020-05-07 09:40:52','2020-05-07 09:40:52'),(626,1,'admin/home_orders','GET','192.168.10.1','{\"_pjax\":\"#pjax-container\"}','2020-05-07 09:41:50','2020-05-07 09:41:50'),(627,1,'admin/auto_orders','GET','192.168.10.1','{\"_pjax\":\"#pjax-container\"}','2020-05-07 09:41:59','2020-05-07 09:41:59'),(628,1,'admin/home_orders','GET','192.168.10.1','{\"_pjax\":\"#pjax-container\"}','2020-05-07 09:42:25','2020-05-07 09:42:25'),(629,1,'admin/auto_orders','GET','192.168.10.1','{\"_pjax\":\"#pjax-container\"}','2020-05-07 09:42:39','2020-05-07 09:42:39'),(630,1,'admin/auth/permissions','GET','192.168.10.1','{\"_pjax\":\"#pjax-container\"}','2020-05-07 09:42:48','2020-05-07 09:42:48'),(631,1,'admin/auth/roles','GET','192.168.10.1','{\"_pjax\":\"#pjax-container\"}','2020-05-07 09:43:32','2020-05-07 09:43:32'),(632,1,'admin/auth/roles/2','GET','192.168.10.1','{\"_pjax\":\"#pjax-container\"}','2020-05-07 09:44:09','2020-05-07 09:44:09'),(633,1,'admin/auth/roles','GET','192.168.10.1','{\"_pjax\":\"#pjax-container\"}','2020-05-07 09:44:15','2020-05-07 09:44:15'),(634,1,'admin/auth/roles/2/edit','GET','192.168.10.1','{\"_pjax\":\"#pjax-container\"}','2020-05-07 09:44:22','2020-05-07 09:44:22'),(635,1,'admin/auth/roles','GET','192.168.10.1','{\"_pjax\":\"#pjax-container\"}','2020-05-07 09:44:29','2020-05-07 09:44:29'),(636,1,'admin/auth/roles','GET','192.168.10.1','{\"_pjax\":\"#pjax-container\"}','2020-05-07 09:44:41','2020-05-07 09:44:41'),(637,1,'admin/auth/permissions','GET','192.168.10.1','{\"_pjax\":\"#pjax-container\"}','2020-05-07 09:45:27','2020-05-07 09:45:27'),(638,1,'admin/auth/permissions/create','GET','192.168.10.1','{\"_pjax\":\"#pjax-container\"}','2020-05-07 09:45:37','2020-05-07 09:45:37'),(639,1,'admin/insurance','GET','192.168.10.1','[]','2020-05-07 09:46:33','2020-05-07 09:46:33'),(640,1,'admin/auth/permissions','POST','192.168.10.1','{\"slug\":\"insurance\",\"name\":\"Insurance Product\",\"http_method\":[null],\"http_path\":\"\\/insurance*\",\"_token\":\"7AtpSTm7DV825QdiwiYZ5nnAQZMsbCaxKpXAqmEN\",\"_previous_\":\"http:\\/\\/insurance.test\\/admin\\/auth\\/permissions\"}','2020-05-07 09:47:12','2020-05-07 09:47:12'),(641,1,'admin/auth/permissions','GET','192.168.10.1','[]','2020-05-07 09:47:16','2020-05-07 09:47:16'),(642,1,'admin/auth/roles','GET','192.168.10.1','{\"_pjax\":\"#pjax-container\"}','2020-05-07 09:47:47','2020-05-07 09:47:47'),(643,1,'admin/auth/roles/create','GET','192.168.10.1','{\"_pjax\":\"#pjax-container\"}','2020-05-07 09:47:58','2020-05-07 09:47:58'),(644,1,'admin/auth/roles','POST','192.168.10.1','{\"slug\":\"product\",\"name\":\"Insurance Product\",\"permissions\":[\"2\",\"3\",\"4\",\"7\",null],\"_token\":\"7AtpSTm7DV825QdiwiYZ5nnAQZMsbCaxKpXAqmEN\",\"_previous_\":\"http:\\/\\/insurance.test\\/admin\\/auth\\/roles\"}','2020-05-07 09:49:38','2020-05-07 09:49:38'),(645,1,'admin/auth/roles','GET','192.168.10.1','[]','2020-05-07 09:49:41','2020-05-07 09:49:41'),(646,1,'admin/auth/users','GET','192.168.10.1','{\"_pjax\":\"#pjax-container\"}','2020-05-07 09:49:52','2020-05-07 09:49:52'),(647,1,'admin/auth/users/create','GET','192.168.10.1','{\"_pjax\":\"#pjax-container\"}','2020-05-07 09:50:10','2020-05-07 09:50:10'),(648,2,'admin','GET','192.168.10.1','[]','2020-05-07 09:50:55','2020-05-07 09:50:55'),(649,2,'admin/insurance','GET','192.168.10.1','{\"_pjax\":\"#pjax-container\"}','2020-05-07 09:51:06','2020-05-07 09:51:06'),(650,2,'admin/home_orders','GET','192.168.10.1','{\"_pjax\":\"#pjax-container\"}','2020-05-07 09:51:11','2020-05-07 09:51:11'),(651,2,'admin/auto_orders','GET','192.168.10.1','{\"_pjax\":\"#pjax-container\"}','2020-05-07 09:51:12','2020-05-07 09:51:12'),(652,1,'admin/auth/users','POST','192.168.10.1','{\"username\":\"product\",\"name\":\"Product\",\"password\":\"product\",\"password_confirmation\":\"product\",\"roles\":[\"3\",null],\"permissions\":[null],\"_token\":\"7AtpSTm7DV825QdiwiYZ5nnAQZMsbCaxKpXAqmEN\",\"_previous_\":\"http:\\/\\/insurance.test\\/admin\\/auth\\/users\"}','2020-05-07 09:52:35','2020-05-07 09:52:35'),(653,1,'admin/auth/users','GET','192.168.10.1','[]','2020-05-07 09:52:37','2020-05-07 09:52:37'),(654,3,'admin','GET','192.168.10.1','[]','2020-05-07 09:53:33','2020-05-07 09:53:33'),(655,3,'admin/users','GET','192.168.10.1','{\"_pjax\":\"#pjax-container\"}','2020-05-07 09:53:39','2020-05-07 09:53:39'),(656,3,'admin/insurance','GET','192.168.10.1','{\"_pjax\":\"#pjax-container\"}','2020-05-07 09:53:43','2020-05-07 09:53:43'),(657,1,'admin/auth/permissions','GET','192.168.10.1','{\"_pjax\":\"#pjax-container\"}','2020-05-07 09:54:44','2020-05-07 09:54:44'),(658,1,'admin/home_orders','GET','192.168.10.1','{\"_pjax\":\"#pjax-container\"}','2020-05-07 09:55:13','2020-05-07 09:55:13'),(659,1,'admin/auth/permissions','GET','192.168.10.1','{\"_pjax\":\"#pjax-container\"}','2020-05-07 09:57:26','2020-05-07 09:57:26'),(660,1,'admin/auth/permissions/create','GET','192.168.10.1','{\"_pjax\":\"#pjax-container\"}','2020-05-07 09:57:32','2020-05-07 09:57:32'),(661,1,'admin/insurance','GET','192.168.10.1','{\"_pjax\":\"#pjax-container\"}','2020-05-07 09:58:34','2020-05-07 09:58:34'),(662,1,'admin/home_orders','GET','192.168.10.1','{\"_pjax\":\"#pjax-container\"}','2020-05-07 09:58:36','2020-05-07 09:58:36'),(663,1,'admin/auto_orders','GET','192.168.10.1','{\"_pjax\":\"#pjax-container\"}','2020-05-07 09:58:44','2020-05-07 09:58:44'),(664,1,'admin/auth/permissions','POST','192.168.10.1','{\"slug\":\"full\",\"name\":\"Full Table Access\",\"http_method\":[null],\"http_path\":\"\\/users*\\r\\n\\/insurance*\\r\\n\\/home_orders*\\r\\n\\/auto_orders*\",\"_token\":\"7AtpSTm7DV825QdiwiYZ5nnAQZMsbCaxKpXAqmEN\",\"_previous_\":\"http:\\/\\/insurance.test\\/admin\\/auth\\/permissions\"}','2020-05-07 09:58:57','2020-05-07 09:58:57'),(665,1,'admin/auth/permissions','GET','192.168.10.1','[]','2020-05-07 09:58:59','2020-05-07 09:58:59'),(666,1,'admin/home_orders','GET','192.168.10.1','{\"_pjax\":\"#pjax-container\"}','2020-05-07 10:00:11','2020-05-07 10:00:11'),(667,1,'admin/auth/roles','GET','192.168.10.1','{\"_pjax\":\"#pjax-container\"}','2020-05-07 10:00:15','2020-05-07 10:00:15'),(668,1,'admin/auth/roles/create','GET','192.168.10.1','{\"_pjax\":\"#pjax-container\"}','2020-05-07 10:00:21','2020-05-07 10:00:21'),(669,1,'admin/auth/roles','POST','192.168.10.1','{\"slug\":\"full\",\"name\":\"Full Table Access\",\"permissions\":[\"2\",\"3\",\"4\",\"8\",null],\"_token\":\"7AtpSTm7DV825QdiwiYZ5nnAQZMsbCaxKpXAqmEN\",\"_previous_\":\"http:\\/\\/insurance.test\\/admin\\/auth\\/roles\"}','2020-05-07 10:01:12','2020-05-07 10:01:12'),(670,1,'admin/auth/roles','GET','192.168.10.1','[]','2020-05-07 10:01:16','2020-05-07 10:01:16'),(671,1,'admin/auth/users','GET','192.168.10.1','{\"_pjax\":\"#pjax-container\"}','2020-05-07 10:01:25','2020-05-07 10:01:25'),(672,1,'admin/auth/users/create','GET','192.168.10.1','{\"_pjax\":\"#pjax-container\"}','2020-05-07 10:02:19','2020-05-07 10:02:19'),(673,1,'admin/auth/users','POST','192.168.10.1','{\"username\":\"full\",\"name\":\"Full\",\"password\":\"full\",\"password_confirmation\":\"full\",\"roles\":[\"4\",null],\"permissions\":[null],\"_token\":\"7AtpSTm7DV825QdiwiYZ5nnAQZMsbCaxKpXAqmEN\",\"_previous_\":\"http:\\/\\/insurance.test\\/admin\\/auth\\/users\"}','2020-05-07 10:03:02','2020-05-07 10:03:02'),(674,1,'admin/auth/users','GET','192.168.10.1','[]','2020-05-07 10:03:05','2020-05-07 10:03:05'),(675,1,'admin/auth/logout','GET','192.168.10.1','{\"_pjax\":\"#pjax-container\"}','2020-05-07 10:03:22','2020-05-07 10:03:22'),(676,3,'admin','GET','192.168.10.1','[]','2020-05-07 10:03:51','2020-05-07 10:03:51'),(677,3,'admin/insurance','GET','192.168.10.1','{\"_pjax\":\"#pjax-container\"}','2020-05-07 10:04:01','2020-05-07 10:04:01'),(678,3,'admin/users','GET','192.168.10.1','{\"_pjax\":\"#pjax-container\"}','2020-05-07 10:04:07','2020-05-07 10:04:07'),(679,3,'admin/auth/logout','GET','192.168.10.1','{\"_pjax\":\"#pjax-container\"}','2020-05-07 10:04:12','2020-05-07 10:04:12'),(680,1,'admin','GET','192.168.10.1','[]','2020-05-07 10:04:36','2020-05-07 10:04:36'),(681,4,'admin','GET','192.168.10.1','[]','2020-05-07 10:05:03','2020-05-07 10:05:03'),(682,4,'admin/auto_orders','GET','192.168.10.1','{\"_pjax\":\"#pjax-container\"}','2020-05-07 10:05:07','2020-05-07 10:05:07'),(683,4,'admin/home_orders','GET','192.168.10.1','{\"_pjax\":\"#pjax-container\"}','2020-05-07 10:05:12','2020-05-07 10:05:12'),(684,4,'admin/insurance','GET','192.168.10.1','{\"_pjax\":\"#pjax-container\"}','2020-05-07 10:05:15','2020-05-07 10:05:15'),(685,4,'admin/users','GET','192.168.10.1','{\"_pjax\":\"#pjax-container\"}','2020-05-07 10:05:18','2020-05-07 10:05:18'),(686,4,'admin/users/9','GET','192.168.10.1','{\"_pjax\":\"#pjax-container\"}','2020-05-07 10:05:33','2020-05-07 10:05:33'),(687,4,'admin/users','GET','192.168.10.1','{\"_pjax\":\"#pjax-container\"}','2020-05-07 10:05:40','2020-05-07 10:05:40'),(688,1,'admin/home_orders','GET','192.168.10.1','{\"_pjax\":\"#pjax-container\"}','2020-05-07 10:06:11','2020-05-07 10:06:11'),(689,1,'admin/home_orders/8/edit','GET','192.168.10.1','{\"_pjax\":\"#pjax-container\"}','2020-05-07 10:06:22','2020-05-07 10:06:22'),(690,1,'admin/home_orders/8','PUT','192.168.10.1','{\"user_id\":\"9\",\"home_policy_id\":\"9\",\"start_date\":\"2020-05-07 00:00:00\",\"end_date\":\"2021-05-07 00:00:00\",\"payment_method\":\"Paypal\",\"order_status\":\"current\",\"_token\":\"XsKV3tAnRFz8U1z9SNIOfaLHVxoDLdXiqVoK4cvI\",\"_method\":\"PUT\",\"_previous_\":\"http:\\/\\/insurance.test\\/admin\\/home_orders\"}','2020-05-07 10:06:47','2020-05-07 10:06:47'),(691,1,'admin/home_orders','GET','192.168.10.1','[]','2020-05-07 10:06:48','2020-05-07 10:06:48'),(692,1,'admin/home_orders/8/edit','GET','192.168.10.1','{\"_pjax\":\"#pjax-container\"}','2020-05-07 10:06:58','2020-05-07 10:06:58'),(693,1,'admin/home_orders/8','PUT','192.168.10.1','{\"user_id\":\"9\",\"home_policy_id\":\"9\",\"start_date\":\"2020-05-07 00:00:00\",\"end_date\":\"2021-05-07 00:00:00\",\"payment_method\":\"PayPal\",\"order_status\":\"current\",\"_token\":\"XsKV3tAnRFz8U1z9SNIOfaLHVxoDLdXiqVoK4cvI\",\"_method\":\"PUT\",\"_previous_\":\"http:\\/\\/insurance.test\\/admin\\/home_orders\"}','2020-05-07 10:07:05','2020-05-07 10:07:05'),(694,1,'admin/home_orders','GET','192.168.10.1','[]','2020-05-07 10:07:08','2020-05-07 10:07:08'),(695,1,'admin/home_orders/7/edit','GET','192.168.10.1','{\"_pjax\":\"#pjax-container\"}','2020-05-07 10:07:17','2020-05-07 10:07:17'),(696,1,'admin/home_orders/7','GET','192.168.10.1','{\"_pjax\":\"#pjax-container\"}','2020-05-07 10:07:25','2020-05-07 10:07:25'),(697,1,'admin/home_orders/7/edit','GET','192.168.10.1','{\"_pjax\":\"#pjax-container\"}','2020-05-07 10:07:38','2020-05-07 10:07:38'),(698,1,'admin/home_orders','GET','192.168.10.1','{\"_pjax\":\"#pjax-container\"}','2020-05-07 10:07:46','2020-05-07 10:07:46'),(699,1,'admin/users','GET','192.168.10.1','{\"_pjax\":\"#pjax-container\"}','2020-05-07 10:30:41','2020-05-07 10:30:41');
/*!40000 ALTER TABLE `admin_operation_log` ENABLE KEYS */;
UNLOCK TABLES;

--
-- Table structure for table `admin_permissions`
--

DROP TABLE IF EXISTS `admin_permissions`;
/*!40101 SET @saved_cs_client     = @@character_set_client */;
/*!50503 SET character_set_client = utf8mb4 */;
CREATE TABLE `admin_permissions` (
  `id` int(10) unsigned NOT NULL AUTO_INCREMENT,
  `name` varchar(50) COLLATE utf8mb4_unicode_ci NOT NULL,
  `slug` varchar(50) COLLATE utf8mb4_unicode_ci NOT NULL,
  `http_method` varchar(255) COLLATE utf8mb4_unicode_ci DEFAULT NULL,
  `http_path` text COLLATE utf8mb4_unicode_ci,
  `created_at` timestamp NULL DEFAULT NULL,
  `updated_at` timestamp NULL DEFAULT NULL,
  PRIMARY KEY (`id`),
  UNIQUE KEY `admin_permissions_name_unique` (`name`),
  UNIQUE KEY `admin_permissions_slug_unique` (`slug`)
) ENGINE=InnoDB AUTO_INCREMENT=9 DEFAULT CHARSET=utf8mb4 COLLATE=utf8mb4_unicode_ci;
/*!40101 SET character_set_client = @saved_cs_client */;

--
-- Dumping data for table `admin_permissions`
--

LOCK TABLES `admin_permissions` WRITE;
/*!40000 ALTER TABLE `admin_permissions` DISABLE KEYS */;
INSERT INTO `admin_permissions` VALUES (1,'All permission','*','','*',NULL,NULL),(2,'Dashboard','dashboard','GET','/',NULL,NULL),(3,'Login','auth.login','','/auth/login\r\n/auth/logout',NULL,NULL),(4,'User setting','auth.setting','GET,PUT','/auth/setting',NULL,NULL),(5,'Auth management','auth.management','','/auth/roles\r\n/auth/permissions\r\n/auth/menu\r\n/auth/logs',NULL,NULL),(6,'User Administration','users','','/users*','2020-05-02 03:51:47','2020-05-02 03:51:47'),(7,'Insurance Product','insurance','','/insurance*','2020-05-07 09:47:13','2020-05-07 09:47:13'),(8,'Full Table Access','full','','/users*\r\n/insurance*\r\n/home_orders*\r\n/auto_orders*','2020-05-07 09:58:57','2020-05-07 09:58:57');
/*!40000 ALTER TABLE `admin_permissions` ENABLE KEYS */;
UNLOCK TABLES;

--
-- Table structure for table `admin_role_menu`
--

DROP TABLE IF EXISTS `admin_role_menu`;
/*!40101 SET @saved_cs_client     = @@character_set_client */;
/*!50503 SET character_set_client = utf8mb4 */;
CREATE TABLE `admin_role_menu` (
  `role_id` int(11) NOT NULL,
  `menu_id` int(11) NOT NULL,
  `created_at` timestamp NULL DEFAULT NULL,
  `updated_at` timestamp NULL DEFAULT NULL,
  KEY `admin_role_menu_role_id_menu_id_index` (`role_id`,`menu_id`)
) ENGINE=InnoDB DEFAULT CHARSET=utf8mb4 COLLATE=utf8mb4_unicode_ci;
/*!40101 SET character_set_client = @saved_cs_client */;

--
-- Dumping data for table `admin_role_menu`
--

LOCK TABLES `admin_role_menu` WRITE;
/*!40000 ALTER TABLE `admin_role_menu` DISABLE KEYS */;
INSERT INTO `admin_role_menu` VALUES (1,2,NULL,NULL);
/*!40000 ALTER TABLE `admin_role_menu` ENABLE KEYS */;
UNLOCK TABLES;

--
-- Table structure for table `admin_role_permissions`
--

DROP TABLE IF EXISTS `admin_role_permissions`;
/*!40101 SET @saved_cs_client     = @@character_set_client */;
/*!50503 SET character_set_client = utf8mb4 */;
CREATE TABLE `admin_role_permissions` (
  `role_id` int(11) NOT NULL,
  `permission_id` int(11) NOT NULL,
  `created_at` timestamp NULL DEFAULT NULL,
  `updated_at` timestamp NULL DEFAULT NULL,
  KEY `admin_role_permissions_role_id_permission_id_index` (`role_id`,`permission_id`)
) ENGINE=InnoDB DEFAULT CHARSET=utf8mb4 COLLATE=utf8mb4_unicode_ci;
/*!40101 SET character_set_client = @saved_cs_client */;

--
-- Dumping data for table `admin_role_permissions`
--

LOCK TABLES `admin_role_permissions` WRITE;
/*!40000 ALTER TABLE `admin_role_permissions` DISABLE KEYS */;
INSERT INTO `admin_role_permissions` VALUES (1,1,NULL,NULL),(2,3,NULL,NULL),(2,4,NULL,NULL),(2,6,NULL,NULL),(2,2,NULL,NULL),(3,2,NULL,NULL),(3,3,NULL,NULL),(3,4,NULL,NULL),(3,7,NULL,NULL),(4,2,NULL,NULL),(4,3,NULL,NULL),(4,4,NULL,NULL),(4,8,NULL,NULL);
/*!40000 ALTER TABLE `admin_role_permissions` ENABLE KEYS */;
UNLOCK TABLES;

--
-- Table structure for table `admin_role_users`
--

DROP TABLE IF EXISTS `admin_role_users`;
/*!40101 SET @saved_cs_client     = @@character_set_client */;
/*!50503 SET character_set_client = utf8mb4 */;
CREATE TABLE `admin_role_users` (
  `role_id` int(11) NOT NULL,
  `user_id` int(11) NOT NULL,
  `created_at` timestamp NULL DEFAULT NULL,
  `updated_at` timestamp NULL DEFAULT NULL,
  KEY `admin_role_users_role_id_user_id_index` (`role_id`,`user_id`)
) ENGINE=InnoDB DEFAULT CHARSET=utf8mb4 COLLATE=utf8mb4_unicode_ci;
/*!40101 SET character_set_client = @saved_cs_client */;

--
-- Dumping data for table `admin_role_users`
--

LOCK TABLES `admin_role_users` WRITE;
/*!40000 ALTER TABLE `admin_role_users` DISABLE KEYS */;
INSERT INTO `admin_role_users` VALUES (1,1,NULL,NULL),(2,2,NULL,NULL),(3,3,NULL,NULL),(4,4,NULL,NULL);
/*!40000 ALTER TABLE `admin_role_users` ENABLE KEYS */;
UNLOCK TABLES;

--
-- Table structure for table `admin_roles`
--

DROP TABLE IF EXISTS `admin_roles`;
/*!40101 SET @saved_cs_client     = @@character_set_client */;
/*!50503 SET character_set_client = utf8mb4 */;
CREATE TABLE `admin_roles` (
  `id` int(10) unsigned NOT NULL AUTO_INCREMENT,
  `name` varchar(50) COLLATE utf8mb4_unicode_ci NOT NULL,
  `slug` varchar(50) COLLATE utf8mb4_unicode_ci NOT NULL,
  `created_at` timestamp NULL DEFAULT NULL,
  `updated_at` timestamp NULL DEFAULT NULL,
  PRIMARY KEY (`id`),
  UNIQUE KEY `admin_roles_name_unique` (`name`),
  UNIQUE KEY `admin_roles_slug_unique` (`slug`)
) ENGINE=InnoDB AUTO_INCREMENT=5 DEFAULT CHARSET=utf8mb4 COLLATE=utf8mb4_unicode_ci;
/*!40101 SET character_set_client = @saved_cs_client */;

--
-- Dumping data for table `admin_roles`
--

LOCK TABLES `admin_roles` WRITE;
/*!40000 ALTER TABLE `admin_roles` DISABLE KEYS */;
INSERT INTO `admin_roles` VALUES (1,'Administrator','administrator','2020-05-02 03:13:27','2020-05-02 03:13:27'),(2,'Operation','operation','2020-05-02 03:53:15','2020-05-02 03:53:15'),(3,'Insurance Product','product','2020-05-07 09:49:38','2020-05-07 09:49:38'),(4,'Full Table Access','full','2020-05-07 10:01:13','2020-05-07 10:01:13');
/*!40000 ALTER TABLE `admin_roles` ENABLE KEYS */;
UNLOCK TABLES;

--
-- Table structure for table `admin_user_permissions`
--

DROP TABLE IF EXISTS `admin_user_permissions`;
/*!40101 SET @saved_cs_client     = @@character_set_client */;
/*!50503 SET character_set_client = utf8mb4 */;
CREATE TABLE `admin_user_permissions` (
  `user_id` int(11) NOT NULL,
  `permission_id` int(11) NOT NULL,
  `created_at` timestamp NULL DEFAULT NULL,
  `updated_at` timestamp NULL DEFAULT NULL,
  KEY `admin_user_permissions_user_id_permission_id_index` (`user_id`,`permission_id`)
) ENGINE=InnoDB DEFAULT CHARSET=utf8mb4 COLLATE=utf8mb4_unicode_ci;
/*!40101 SET character_set_client = @saved_cs_client */;

--
-- Dumping data for table `admin_user_permissions`
--

LOCK TABLES `admin_user_permissions` WRITE;
/*!40000 ALTER TABLE `admin_user_permissions` DISABLE KEYS */;
/*!40000 ALTER TABLE `admin_user_permissions` ENABLE KEYS */;
UNLOCK TABLES;

--
-- Table structure for table `admin_users`
--

DROP TABLE IF EXISTS `admin_users`;
/*!40101 SET @saved_cs_client     = @@character_set_client */;
/*!50503 SET character_set_client = utf8mb4 */;
CREATE TABLE `admin_users` (
  `id` int(10) unsigned NOT NULL AUTO_INCREMENT,
  `username` varchar(190) COLLATE utf8mb4_unicode_ci NOT NULL,
  `password` varchar(60) COLLATE utf8mb4_unicode_ci NOT NULL,
  `name` varchar(255) COLLATE utf8mb4_unicode_ci NOT NULL,
  `avatar` varchar(255) COLLATE utf8mb4_unicode_ci DEFAULT NULL,
  `remember_token` varchar(100) COLLATE utf8mb4_unicode_ci DEFAULT NULL,
  `created_at` timestamp NULL DEFAULT NULL,
  `updated_at` timestamp NULL DEFAULT NULL,
  PRIMARY KEY (`id`),
  UNIQUE KEY `admin_users_username_unique` (`username`)
) ENGINE=InnoDB AUTO_INCREMENT=5 DEFAULT CHARSET=utf8mb4 COLLATE=utf8mb4_unicode_ci;
/*!40101 SET character_set_client = @saved_cs_client */;

--
-- Dumping data for table `admin_users`
--

LOCK TABLES `admin_users` WRITE;
/*!40000 ALTER TABLE `admin_users` DISABLE KEYS */;
INSERT INTO `admin_users` VALUES (1,'admin','$2y$10$n/scopsC3IayUP/8HE9SOuFJpw4JRu7YJunsfMxTQlYhka5KBA39.','Administrator',NULL,'YqNpGUPOE5Kv6dHfYktw5aIpFHISRVJpo1hpZ07qZmZHDkBNjeqmr8EoSs6I','2020-05-02 03:13:27','2020-05-02 03:13:27'),(2,'operator','$2y$10$NGvDkDC9izr5d/A8LHzyYuxeb/Xz1rKQemv7.tVs6yHPREnvSi206','Operator','images/009-man.png','vK9nwhpLhs3nTDufAHFjMLfGTX8OMeDQO43VjZUiF8pwa5vG8A925C6K1u8V','2020-05-02 04:18:02','2020-05-02 05:06:46'),(3,'product','$2y$10$TFXACP8JrJ4oHVXBJTGE.eOmvXnWYEbQyAyWq/oosBQKNrWhEed9y','Product',NULL,'s8q3zsfqAind91iSKWYg0c5rhLOowgyiQq5EPuYwptaAI9yR9KOOXKGSMrkZ','2020-05-07 09:52:35','2020-05-07 09:52:35'),(4,'full','$2y$10$.lvp3KMc3UfHLdjAl6qlguQ7sC97Kd9zgsgfdHzFHIIGhXlZP5eOe','Full',NULL,'NNHc2BcOogj4AxGMEvTb2I6WstGOu9FADLVQNreFXrEga7dm6bOhkYLKRSyZ','2020-05-07 10:03:02','2020-05-07 10:03:02');
/*!40000 ALTER TABLE `admin_users` ENABLE KEYS */;
UNLOCK TABLES;

--
-- Table structure for table `auto_orders`
--

DROP TABLE IF EXISTS `auto_orders`;
/*!40101 SET @saved_cs_client     = @@character_set_client */;
/*!50503 SET character_set_client = utf8mb4 */;
CREATE TABLE `auto_orders` (
  `id` bigint(20) unsigned NOT NULL AUTO_INCREMENT,
  `user_id` bigint(20) unsigned NOT NULL,
  `auto_policy_id` bigint(20) unsigned NOT NULL,
  `start_date` datetime DEFAULT NULL,
  `end_date` datetime DEFAULT NULL,
  `payment_method` varchar(255) COLLATE utf8mb4_unicode_ci DEFAULT NULL,
  `order_status` varchar(255) COLLATE utf8mb4_unicode_ci NOT NULL DEFAULT 'current',
  `created_at` timestamp NULL DEFAULT NULL,
  `updated_at` timestamp NULL DEFAULT NULL,
  PRIMARY KEY (`id`),
  KEY `auto_orders_user_id_foreign` (`user_id`),
  KEY `auto_orders_auto_policy_id_foreign` (`auto_policy_id`),
  CONSTRAINT `auto_orders_auto_policy_id_foreign` FOREIGN KEY (`auto_policy_id`) REFERENCES `auto_policies` (`id`) ON DELETE CASCADE,
  CONSTRAINT `auto_orders_user_id_foreign` FOREIGN KEY (`user_id`) REFERENCES `users` (`id`) ON DELETE CASCADE
) ENGINE=InnoDB AUTO_INCREMENT=4 DEFAULT CHARSET=utf8mb4 COLLATE=utf8mb4_unicode_ci;
/*!40101 SET character_set_client = @saved_cs_client */;

--
-- Dumping data for table `auto_orders`
--

LOCK TABLES `auto_orders` WRITE;
/*!40000 ALTER TABLE `auto_orders` DISABLE KEYS */;
INSERT INTO `auto_orders` VALUES (1,7,1,'2020-05-06 00:00:00','2021-05-06 00:00:00','Debit','expired','2020-05-06 22:55:31','2020-05-07 04:08:28'),(2,7,7,'2020-05-07 00:00:00','2023-05-07 00:00:00','Check','current','2020-05-07 00:22:34','2020-05-07 00:22:34'),(3,9,8,'2020-05-07 00:00:00','2021-05-07 00:00:00','PayPal','current','2020-05-07 08:48:53','2020-05-07 08:48:53');
/*!40000 ALTER TABLE `auto_orders` ENABLE KEYS */;
UNLOCK TABLES;

--
-- Table structure for table `auto_policies`
--

DROP TABLE IF EXISTS `auto_policies`;
/*!40101 SET @saved_cs_client     = @@character_set_client */;
/*!50503 SET character_set_client = utf8mb4 */;
CREATE TABLE `auto_policies` (
  `id` bigint(20) unsigned NOT NULL AUTO_INCREMENT,
  `user_id` bigint(20) unsigned NOT NULL,
  `insurance_id` bigint(20) unsigned NOT NULL,
  `vin` varchar(255) COLLATE utf8mb4_unicode_ci NOT NULL,
  `make_year` year(4) NOT NULL,
  `status` char(255) COLLATE utf8mb4_unicode_ci NOT NULL,
  `amount` int(10) unsigned NOT NULL,
  `created_at` timestamp NULL DEFAULT NULL,
  `updated_at` timestamp NULL DEFAULT NULL,
  PRIMARY KEY (`id`),
  KEY `auto_policies_user_id_foreign` (`user_id`),
  KEY `auto_policies_insurance_id_foreign` (`insurance_id`),
  CONSTRAINT `auto_policies_insurance_id_foreign` FOREIGN KEY (`insurance_id`) REFERENCES `insurances` (`id`) ON DELETE CASCADE,
  CONSTRAINT `auto_policies_user_id_foreign` FOREIGN KEY (`user_id`) REFERENCES `users` (`id`) ON DELETE CASCADE
) ENGINE=InnoDB AUTO_INCREMENT=9 DEFAULT CHARSET=utf8mb4 COLLATE=utf8mb4_unicode_ci;
/*!40101 SET character_set_client = @saved_cs_client */;

--
-- Dumping data for table `auto_policies`
--

LOCK TABLES `auto_policies` WRITE;
/*!40000 ALTER TABLE `auto_policies` DISABLE KEYS */;
INSERT INTO `auto_policies` VALUES (1,7,12,'sfagas',2000,'O',1,NULL,NULL),(3,7,11,'sefaee',2012,'F',2,NULL,NULL),(4,7,11,'efasfase',2011,'L',1,NULL,NULL),(5,7,12,'fgsr',2014,'F',2,NULL,NULL),(6,7,12,'sgaeawse',2011,'F',2,NULL,NULL),(7,7,12,'gergas',2015,'L',3,NULL,NULL),(8,9,11,'2431651',1996,'O',1,NULL,NULL);
/*!40000 ALTER TABLE `auto_policies` ENABLE KEYS */;
UNLOCK TABLES;

--
-- Table structure for table `failed_jobs`
--

DROP TABLE IF EXISTS `failed_jobs`;
/*!40101 SET @saved_cs_client     = @@character_set_client */;
/*!50503 SET character_set_client = utf8mb4 */;
CREATE TABLE `failed_jobs` (
  `id` bigint(20) unsigned NOT NULL AUTO_INCREMENT,
  `connection` text COLLATE utf8mb4_unicode_ci NOT NULL,
  `queue` text COLLATE utf8mb4_unicode_ci NOT NULL,
  `payload` longtext COLLATE utf8mb4_unicode_ci NOT NULL,
  `exception` longtext COLLATE utf8mb4_unicode_ci NOT NULL,
  `failed_at` timestamp NOT NULL DEFAULT CURRENT_TIMESTAMP,
  PRIMARY KEY (`id`)
) ENGINE=InnoDB DEFAULT CHARSET=utf8mb4 COLLATE=utf8mb4_unicode_ci;
/*!40101 SET character_set_client = @saved_cs_client */;

--
-- Dumping data for table `failed_jobs`
--

LOCK TABLES `failed_jobs` WRITE;
/*!40000 ALTER TABLE `failed_jobs` DISABLE KEYS */;
/*!40000 ALTER TABLE `failed_jobs` ENABLE KEYS */;
UNLOCK TABLES;

--
-- Table structure for table `home_orders`
--

DROP TABLE IF EXISTS `home_orders`;
/*!40101 SET @saved_cs_client     = @@character_set_client */;
/*!50503 SET character_set_client = utf8mb4 */;
CREATE TABLE `home_orders` (
  `id` bigint(20) unsigned NOT NULL AUTO_INCREMENT,
  `user_id` bigint(20) unsigned NOT NULL,
  `home_policy_id` bigint(20) unsigned NOT NULL,
  `start_date` datetime DEFAULT NULL,
  `end_date` datetime DEFAULT NULL,
  `payment_method` varchar(255) COLLATE utf8mb4_unicode_ci DEFAULT NULL,
  `order_status` varchar(255) COLLATE utf8mb4_unicode_ci NOT NULL DEFAULT 'current',
  `created_at` timestamp NULL DEFAULT NULL,
  `updated_at` timestamp NULL DEFAULT NULL,
  PRIMARY KEY (`id`),
  KEY `home_orders_user_id_foreign` (`user_id`),
  KEY `home_orders_home_policy_id_foreign` (`home_policy_id`),
  CONSTRAINT `home_orders_home_policy_id_foreign` FOREIGN KEY (`home_policy_id`) REFERENCES `home_policies` (`id`) ON DELETE CASCADE,
  CONSTRAINT `home_orders_user_id_foreign` FOREIGN KEY (`user_id`) REFERENCES `users` (`id`) ON DELETE CASCADE
) ENGINE=InnoDB AUTO_INCREMENT=9 DEFAULT CHARSET=utf8mb4 COLLATE=utf8mb4_unicode_ci;
/*!40101 SET character_set_client = @saved_cs_client */;

--
-- Dumping data for table `home_orders`
--

LOCK TABLES `home_orders` WRITE;
/*!40000 ALTER TABLE `home_orders` DISABLE KEYS */;
INSERT INTO `home_orders` VALUES (1,7,6,'2019-05-06 00:00:00','2020-05-06 00:00:00','PayPal','expired','2020-05-06 17:55:13','2020-05-07 03:20:03'),(5,7,7,'2020-05-06 00:00:00','2021-05-06 00:00:00','PayPal','current','2020-05-06 18:26:35','2020-05-06 18:26:35'),(7,9,11,'2020-05-07 00:00:00','2021-05-07 00:00:00','Credit','current','2020-05-07 09:02:53','2020-05-07 09:02:53'),(8,9,9,'2020-05-07 00:00:00','2021-05-07 00:00:00','PayPal','current','2020-05-07 09:10:52','2020-05-07 10:07:05');
/*!40000 ALTER TABLE `home_orders` ENABLE KEYS */;
UNLOCK TABLES;

--
-- Table structure for table `home_policies`
--

DROP TABLE IF EXISTS `home_policies`;
/*!40101 SET @saved_cs_client     = @@character_set_client */;
/*!50503 SET character_set_client = utf8mb4 */;
CREATE TABLE `home_policies` (
  `id` bigint(20) unsigned NOT NULL AUTO_INCREMENT,
  `user_id` bigint(20) unsigned NOT NULL,
  `insurance_id` bigint(20) unsigned NOT NULL,
  `area` decimal(10,2) NOT NULL,
  `purchase_date` date NOT NULL,
  `purchase_value` decimal(10,2) NOT NULL,
  `home_type` char(255) COLLATE utf8mb4_unicode_ci NOT NULL,
  `fire_notification` tinyint(1) NOT NULL,
  `security_system` tinyint(1) NOT NULL,
  `swimming_pool` char(255) COLLATE utf8mb4_unicode_ci DEFAULT NULL,
  `basement` tinyint(1) NOT NULL,
  `amount` int(10) unsigned NOT NULL,
  `created_at` timestamp NULL DEFAULT NULL,
  `updated_at` timestamp NULL DEFAULT NULL,
  PRIMARY KEY (`id`),
  KEY `home_policies_user_id_foreign` (`user_id`),
  KEY `home_policies_insurance_id_foreign_idx` (`insurance_id`),
  CONSTRAINT `home_policies_insurance_id_foreign` FOREIGN KEY (`insurance_id`) REFERENCES `insurances` (`id`) ON DELETE CASCADE ON UPDATE CASCADE,
  CONSTRAINT `home_policies_user_id_foreign` FOREIGN KEY (`user_id`) REFERENCES `users` (`id`) ON DELETE CASCADE
) ENGINE=InnoDB AUTO_INCREMENT=12 DEFAULT CHARSET=utf8mb4 COLLATE=utf8mb4_unicode_ci;
/*!40101 SET character_set_client = @saved_cs_client */;

--
-- Dumping data for table `home_policies`
--

LOCK TABLES `home_policies` WRITE;
/*!40000 ALTER TABLE `home_policies` DISABLE KEYS */;
INSERT INTO `home_policies` VALUES (1,6,0,651.00,'2012-02-11',250250.00,'S',1,1,'U',1,2,NULL,NULL),(3,6,0,600.00,'2013-02-16',5616513.00,'S',1,1,'U',1,1,NULL,NULL),(6,7,7,213.00,'2013-11-12',2343511.00,'S',0,0,NULL,0,1,NULL,NULL),(7,7,7,213.00,'2013-01-12',2343511.00,'S',0,0,NULL,0,1,NULL,NULL),(8,7,8,342.00,'2009-03-12',2421243.00,'C',1,0,'O',0,1,NULL,NULL),(9,9,7,416.00,'2012-02-11',561.00,'S',1,1,'U',0,1,NULL,NULL),(11,9,10,354.00,'2011-03-04',165161.00,'C',0,0,NULL,0,1,NULL,NULL);
/*!40000 ALTER TABLE `home_policies` ENABLE KEYS */;
UNLOCK TABLES;

--
-- Table structure for table `insurances`
--

DROP TABLE IF EXISTS `insurances`;
/*!40101 SET @saved_cs_client     = @@character_set_client */;
/*!50503 SET character_set_client = utf8mb4 */;
CREATE TABLE `insurances` (
  `id` bigint(20) unsigned NOT NULL AUTO_INCREMENT,
  `title` varchar(255) COLLATE utf8mb4_unicode_ci NOT NULL,
  `description` text COLLATE utf8mb4_unicode_ci NOT NULL,
  `is_home` tinyint(1) NOT NULL DEFAULT '1',
  `price` decimal(10,2) NOT NULL,
  `created_at` timestamp NULL DEFAULT NULL,
  `updated_at` timestamp NULL DEFAULT NULL,
  PRIMARY KEY (`id`)
) ENGINE=InnoDB AUTO_INCREMENT=15 DEFAULT CHARSET=utf8mb4 COLLATE=utf8mb4_unicode_ci;
/*!40101 SET character_set_client = @saved_cs_client */;

--
-- Dumping data for table `insurances`
--

LOCK TABLES `insurances` WRITE;
/*!40000 ALTER TABLE `insurances` DISABLE KEYS */;
INSERT INTO `insurances` VALUES (7,'Home Insurance(A)','<p>Basic home insurance without Auto Fire <span style=\"color: rgb(33, 33, 33);\">Notification, Home Security System, Swimming Pool&nbsp;and Basement.</span></p>',1,350.00,NULL,NULL),(8,'Home Insurance(B)','<p><br></p>',1,550.00,NULL,NULL),(10,'Home Insurance(C)','<p><br></p>',1,650.00,NULL,NULL),(11,'Auto Insurance(A)','<p><br></p>',0,200.00,NULL,NULL),(12,'Auto Insurance(B)','<p><br></p>',0,250.00,NULL,NULL);
/*!40000 ALTER TABLE `insurances` ENABLE KEYS */;
UNLOCK TABLES;

--
-- Table structure for table `migrations`
--

DROP TABLE IF EXISTS `migrations`;
/*!40101 SET @saved_cs_client     = @@character_set_client */;
/*!50503 SET character_set_client = utf8mb4 */;
CREATE TABLE `migrations` (
  `id` int(10) unsigned NOT NULL AUTO_INCREMENT,
  `migration` varchar(255) COLLATE utf8mb4_unicode_ci NOT NULL,
  `batch` int(11) NOT NULL,
  PRIMARY KEY (`id`)
) ENGINE=InnoDB AUTO_INCREMENT=10 DEFAULT CHARSET=utf8mb4 COLLATE=utf8mb4_unicode_ci;
/*!40101 SET character_set_client = @saved_cs_client */;

--
-- Dumping data for table `migrations`
--

LOCK TABLES `migrations` WRITE;
/*!40000 ALTER TABLE `migrations` DISABLE KEYS */;
INSERT INTO `migrations` VALUES (1,'2014_10_12_000000_create_users_table',1),(2,'2014_10_12_100000_create_password_resets_table',1),(3,'2019_08_19_000000_create_failed_jobs_table',1),(4,'2016_01_04_173148_create_admin_tables',2),(5,'2020_05_03_211241_create_insurances_table',3),(6,'2020_05_03_211316_create_home_skus_table',3),(7,'2020_05_05_160934_create_auto_policies_table',4),(8,'2020_05_06_051646_create_home_orders_table',5),(9,'2020_05_06_221158_create_auto_orders_table',6);
/*!40000 ALTER TABLE `migrations` ENABLE KEYS */;
UNLOCK TABLES;

--
-- Table structure for table `password_resets`
--

DROP TABLE IF EXISTS `password_resets`;
/*!40101 SET @saved_cs_client     = @@character_set_client */;
/*!50503 SET character_set_client = utf8mb4 */;
CREATE TABLE `password_resets` (
  `email` varchar(255) COLLATE utf8mb4_unicode_ci NOT NULL,
  `token` varchar(255) COLLATE utf8mb4_unicode_ci NOT NULL,
  `created_at` timestamp NULL DEFAULT NULL,
  KEY `password_resets_email_index` (`email`)
) ENGINE=InnoDB DEFAULT CHARSET=utf8mb4 COLLATE=utf8mb4_unicode_ci;
/*!40101 SET character_set_client = @saved_cs_client */;

--
-- Dumping data for table `password_resets`
--

LOCK TABLES `password_resets` WRITE;
/*!40000 ALTER TABLE `password_resets` DISABLE KEYS */;
/*!40000 ALTER TABLE `password_resets` ENABLE KEYS */;
UNLOCK TABLES;

--
-- Table structure for table `users`
--

DROP TABLE IF EXISTS `users`;
/*!40101 SET @saved_cs_client     = @@character_set_client */;
/*!50503 SET character_set_client = utf8mb4 */;
CREATE TABLE `users` (
  `id` bigint(20) unsigned NOT NULL AUTO_INCREMENT,
  `name` varchar(255) COLLATE utf8mb4_unicode_ci NOT NULL,
  `email` varchar(255) COLLATE utf8mb4_unicode_ci NOT NULL,
  `email_verified_at` timestamp NULL DEFAULT NULL,
  `password` varchar(255) COLLATE utf8mb4_unicode_ci NOT NULL,
  `remember_token` varchar(100) COLLATE utf8mb4_unicode_ci DEFAULT NULL,
  `created_at` timestamp NULL DEFAULT NULL,
  `updated_at` timestamp NULL DEFAULT NULL,
  `first_name` varchar(255) COLLATE utf8mb4_unicode_ci NOT NULL,
  `last_name` varchar(255) COLLATE utf8mb4_unicode_ci NOT NULL,
  `gender` varchar(255) COLLATE utf8mb4_unicode_ci DEFAULT NULL,
  `state` varchar(255) COLLATE utf8mb4_unicode_ci NOT NULL,
  `city` varchar(255) COLLATE utf8mb4_unicode_ci NOT NULL,
  `street` varchar(255) COLLATE utf8mb4_unicode_ci NOT NULL,
  `zipcode` varchar(255) COLLATE utf8mb4_unicode_ci NOT NULL,
  `phone` varchar(255) COLLATE utf8mb4_unicode_ci NOT NULL,
  `marital_status` varchar(255) COLLATE utf8mb4_unicode_ci NOT NULL,
  PRIMARY KEY (`id`),
  UNIQUE KEY `users_email_unique` (`email`)
) ENGINE=InnoDB AUTO_INCREMENT=10 DEFAULT CHARSET=utf8mb4 COLLATE=utf8mb4_unicode_ci;
/*!40101 SET character_set_client = @saved_cs_client */;

--
-- Dumping data for table `users`
--

LOCK TABLES `users` WRITE;
/*!40000 ALTER TABLE `users` DISABLE KEYS */;
INSERT INTO `users` VALUES (2,'QQQQQQ','dsad@sad.com',NULL,'$2y$10$rrwyQtn4OGOP2MX0AsTFLOEYVmgYNH0fnSBtQampNJ36S.r1keX/u',NULL,'2020-05-02 02:10:38','2020-05-07 07:12:04','lkjafdlk','dslakjld','M','NY','slkjd','salkdjaslkj','11201','1234567891_','M'),(3,'dsadasd','fgffdhdfh@dasd.com',NULL,'$2y$10$AznUknX9edLsL.X3.z4kuO7xWn5huLJkIPYjX8woDBb8I7w2Bx.vm',NULL,'2020-05-02 02:20:55','2020-05-02 02:20:55','sda','dsad',NULL,'sadf','dsa','das','12345','1234567896','M'),(4,'dsadas','gfdkjh@ds.com',NULL,'$2y$10$lhsSinIVBLHj8ai5bB6Zber4/xbPYGkwvWEFQd6FHYJGimqmGb4Bu',NULL,'2020-05-02 02:23:34','2020-05-02 02:23:34','dkjsh','dksjah',NULL,'dsa','dslakjdlakj','dslakj','13245','1234567890','M'),(5,'sdad','gfdfjkg@sdad.com',NULL,'$2y$10$IOpnyV4Ntu2M8A1ky33GO./aFpU1Rka4/pVz0j2QUjXT7QojmcN.S',NULL,'2020-05-02 03:07:27','2020-05-02 03:07:27','dsa','saf',NULL,'fds','dsf','dfs','12345','1234567890','M'),(6,'dsada','ffasf@sda.com',NULL,'$2y$10$fXEtDXl1pOaIwBEHGQmoOOxUz6OTh00gKVojm5uPfHA0ijj1DlwCq',NULL,'2020-05-05 07:17:30','2020-05-05 07:17:30','dsaf','fgh',NULL,'dgsf','fgdf','dhfhdf','12345','1234567890','M'),(7,'nikki','jl10018@nyu.edu',NULL,'$2y$10$b9S2c2RUALvO9BRTQVpAbewWRd1ilIMMB/pqYxQy8q7QpQkJy1DAa','0s6XeGPbSWUEDGDoUttU6glSK1OP3Fg6z3SoS1xZcVpZ0VLCpD5Aed22J7zs','2020-05-05 14:23:43','2020-05-05 14:23:43','Jingyi','Liu','F','rg','ergaer','aergae','12131','9292508181','S'),(9,'test','test@test.com',NULL,'$2y$10$.o7nhoV6JqSRgWnJl3DcH./1Ulb30ztVEydGAyLKNP25PJV5P1V/m',NULL,'2020-05-07 08:22:03','2020-05-07 08:22:03','Muwei','Zheng','M','NY','kjdfh','ldksfjl','12345','1234567890','S');
/*!40000 ALTER TABLE `users` ENABLE KEYS */;
UNLOCK TABLES;
/*!40103 SET TIME_ZONE=@OLD_TIME_ZONE */;

/*!40101 SET SQL_MODE=@OLD_SQL_MODE */;
/*!40014 SET FOREIGN_KEY_CHECKS=@OLD_FOREIGN_KEY_CHECKS */;
/*!40014 SET UNIQUE_CHECKS=@OLD_UNIQUE_CHECKS */;
/*!40101 SET CHARACTER_SET_CLIENT=@OLD_CHARACTER_SET_CLIENT */;
/*!40101 SET CHARACTER_SET_RESULTS=@OLD_CHARACTER_SET_RESULTS */;
/*!40101 SET COLLATION_CONNECTION=@OLD_COLLATION_CONNECTION */;
/*!40111 SET SQL_NOTES=@OLD_SQL_NOTES */;

-- Dump completed on 2020-05-07  6:40:22
